,token,dependency,head,dependent,constituent,paths
0,The,det,Cabinet,[],['The'],"['S', 'S', 'NP', 'DT']"
1,Cabinet,nsubj,hopes,['The'],"['The', 'Cabinet']","['S', 'S', 'NP', 'NNP']"
2,hopes,ccomp,said,"['Cabinet', 'be']","['The', 'Cabinet', 'hopes', 'to', 'be', 'able', 'to', 'abolish', 'most', 'of', 'the', 'remaining', 'corona', 'measures', 'by', 'the', 'beginning', 'of', 'March', ',', 'including', 'the', 'use', 'of', 'face', 'masks', 'and', 'the', '1.5', 'meter', 'social', 'distancing', 'rule']","['S', 'S', 'VP', 'VBZ']"
3,to,aux,be,[],['to'],"['S', 'S', 'VP', 'S', 'VP', 'TO']"
4,be,xcomp,hopes,"['to', 'able']","['to', 'be', 'able', 'to', 'abolish', 'most', 'of', 'the', 'remaining', 'corona', 'measures', 'by', 'the', 'beginning', 'of', 'March', ',', 'including', 'the', 'use', 'of', 'face', 'masks', 'and', 'the', '1.5', 'meter', 'social', 'distancing', 'rule']","['S', 'S', 'VP', 'S', 'VP', 'VP', 'VB']"
5,able,acomp,be,['abolish'],"['able', 'to', 'abolish', 'most', 'of', 'the', 'remaining', 'corona', 'measures', 'by', 'the', 'beginning', 'of', 'March', ',', 'including', 'the', 'use', 'of', 'face', 'masks', 'and', 'the', '1.5', 'meter', 'social', 'distancing', 'rule']","['S', 'S', 'VP', 'S', 'VP', 'VP', 'ADJP', 'JJ']"
6,to,aux,abolish,[],['to'],"['S', 'S', 'VP', 'S', 'VP', 'VP', 'ADJP', 'S', 'VP', 'TO']"
7,abolish,xcomp,able,"['to', 'most', 'by', ',', 'including']","['to', 'abolish', 'most', 'of', 'the', 'remaining', 'corona', 'measures', 'by', 'the', 'beginning', 'of', 'March', ',', 'including', 'the', 'use', 'of', 'face', 'masks', 'and', 'the', '1.5', 'meter', 'social', 'distancing', 'rule']","['S', 'S', 'VP', 'S', 'VP', 'VP', 'ADJP', 'S', 'VP', 'VP', 'VB']"
8,most,dobj,abolish,['of'],"['most', 'of', 'the', 'remaining', 'corona', 'measures']","['S', 'S', 'VP', 'S', 'VP', 'VP', 'ADJP', 'S', 'VP', 'VP', 'NP', 'NP', 'JJS']"
9,of,prep,most,['measures'],"['of', 'the', 'remaining', 'corona', 'measures']","['S', 'S', 'VP', 'S', 'VP', 'VP', 'ADJP', 'S', 'VP', 'VP', 'NP', 'PP', 'IN']"
10,the,det,measures,[],['the'],"['S', 'S', 'VP', 'S', 'VP', 'VP', 'ADJP', 'S', 'VP', 'VP', 'NP', 'PP', 'NP', 'DT']"
11,remaining,amod,measures,[],['remaining'],"['S', 'S', 'VP', 'S', 'VP', 'VP', 'ADJP', 'S', 'VP', 'VP', 'NP', 'PP', 'NP', 'VBG']"
12,corona,compound,measures,[],['corona'],"['S', 'S', 'VP', 'S', 'VP', 'VP', 'ADJP', 'S', 'VP', 'VP', 'NP', 'PP', 'NP', 'NN']"
13,measures,pobj,of,"['the', 'remaining', 'corona']","['the', 'remaining', 'corona', 'measures']","['S', 'S', 'VP', 'S', 'VP', 'VP', 'ADJP', 'S', 'VP', 'VP', 'NP', 'PP', 'NP', 'NNS']"
14,by,prep,abolish,['beginning'],"['by', 'the', 'beginning', 'of', 'March']","['S', 'S', 'VP', 'S', 'VP', 'VP', 'ADJP', 'S', 'VP', 'VP', 'PP', 'IN']"
15,the,det,beginning,[],['the'],"['S', 'S', 'VP', 'S', 'VP', 'VP', 'ADJP', 'S', 'VP', 'VP', 'PP', 'NP', 'NP', 'DT']"
16,beginning,pobj,by,"['the', 'of']","['the', 'beginning', 'of', 'March']","['S', 'S', 'VP', 'S', 'VP', 'VP', 'ADJP', 'S', 'VP', 'VP', 'PP', 'NP', 'NP', 'NN']"
17,of,prep,beginning,['March'],"['of', 'March']","['S', 'S', 'VP', 'S', 'VP', 'VP', 'ADJP', 'S', 'VP', 'VP', 'PP', 'NP', 'PP', 'IN']"
18,March,pobj,of,[],['March'],"['S', 'S', 'VP', 'S', 'VP', 'VP', 'ADJP', 'S', 'VP', 'VP', 'PP', 'NP', 'PP', 'NP', 'NNP']"
19,",",punct,abolish,[],"[',']","['S', 'S', 'VP', 'S', 'VP', 'VP', 'ADJP', 'S', 'VP', 'VP', ',']"
20,including,prep,abolish,['use'],"['including', 'the', 'use', 'of', 'face', 'masks', 'and', 'the', '1.5', 'meter', 'social', 'distancing', 'rule']","['S', 'S', 'VP', 'S', 'VP', 'VP', 'ADJP', 'S', 'VP', 'VP', 'PP', 'VBG']"
21,the,det,use,[],['the'],"['S', 'S', 'VP', 'S', 'VP', 'VP', 'ADJP', 'S', 'VP', 'VP', 'PP', 'NP', 'NP', 'DT']"
22,use,pobj,including,"['the', 'of', 'and', 'rule']","['the', 'use', 'of', 'face', 'masks', 'and', 'the', '1.5', 'meter', 'social', 'distancing', 'rule']","['S', 'S', 'VP', 'S', 'VP', 'VP', 'ADJP', 'S', 'VP', 'VP', 'PP', 'NP', 'NP', 'NN']"
23,of,prep,use,['masks'],"['of', 'face', 'masks']","['S', 'S', 'VP', 'S', 'VP', 'VP', 'ADJP', 'S', 'VP', 'VP', 'PP', 'NP', 'PP', 'IN']"
24,face,compound,masks,[],['face'],"['S', 'S', 'VP', 'S', 'VP', 'VP', 'ADJP', 'S', 'VP', 'VP', 'PP', 'NP', 'PP', 'NP', 'NP', 'NN']"
25,masks,pobj,of,['face'],"['face', 'masks']","['S', 'S', 'VP', 'S', 'VP', 'VP', 'ADJP', 'S', 'VP', 'VP', 'PP', 'NP', 'PP', 'NP', 'NP', 'NNS']"
26,and,cc,use,[],['and'],"['S', 'S', 'VP', 'S', 'VP', 'VP', 'ADJP', 'S', 'VP', 'VP', 'PP', 'NP', 'PP', 'NP', 'CC']"
27,the,det,rule,[],['the'],"['S', 'S', 'VP', 'S', 'VP', 'VP', 'ADJP', 'S', 'VP', 'VP', 'PP', 'NP', 'PP', 'NP', 'NP', 'DT']"
28,1.5,nummod,meter,[],['1.5'],"['S', 'S', 'VP', 'S', 'VP', 'VP', 'ADJP', 'S', 'VP', 'VP', 'PP', 'NP', 'PP', 'NP', 'NP', 'NML', 'CD']"
29,meter,nmod,rule,['1.5'],"['1.5', 'meter']","['S', 'S', 'VP', 'S', 'VP', 'VP', 'ADJP', 'S', 'VP', 'VP', 'PP', 'NP', 'PP', 'NP', 'NP', 'NML', 'NN']"
30,social,amod,distancing,[],['social'],"['S', 'S', 'VP', 'S', 'VP', 'VP', 'ADJP', 'S', 'VP', 'VP', 'PP', 'NP', 'PP', 'NP', 'NP', 'NML', 'JJ']"
31,distancing,compound,rule,['social'],"['social', 'distancing']","['S', 'S', 'VP', 'S', 'VP', 'VP', 'ADJP', 'S', 'VP', 'VP', 'PP', 'NP', 'PP', 'NP', 'NP', 'NML', 'NN']"
32,rule,conj,use,"['the', 'meter', 'distancing']","['the', '1.5', 'meter', 'social', 'distancing', 'rule']","['S', 'S', 'VP', 'S', 'VP', 'VP', 'ADJP', 'S', 'VP', 'VP', 'PP', 'NP', 'PP', 'NP', 'NP', 'NN']"
33,",",punct,said,[],"[',']","['S', ',']"
34,sources,nsubj,said,[],['sources'],"['S', 'NP', 'NNS']"
35,said,ROOT,said,"['hopes', ',', 'sources', '.']","['The', 'Cabinet', 'hopes', 'to', 'be', 'able', 'to', 'abolish', 'most', 'of', 'the', 'remaining', 'corona', 'measures', 'by', 'the', 'beginning', 'of', 'March', ',', 'including', 'the', 'use', 'of', 'face', 'masks', 'and', 'the', '1.5', 'meter', 'social', 'distancing', 'rule', ',', 'sources', 'said', '.']","['S', 'VP', 'VBD']"
36,.,punct,said,[],['.'],"['S', '.']"
38,Those,nsubjpass,required,['wanting'],"['Those', 'wanting', 'to', 'attend', 'large', 'festivals', 'and', 'events']","['S', 'NP', 'NP', 'DT']"
39,wanting,acl,Those,['attend'],"['wanting', 'to', 'attend', 'large', 'festivals', 'and', 'events']","['S', 'NP', 'VP', 'VBG']"
40,to,aux,attend,[],['to'],"['S', 'NP', 'VP', 'S', 'VP', 'TO']"
41,attend,xcomp,wanting,"['to', 'festivals']","['to', 'attend', 'large', 'festivals', 'and', 'events']","['S', 'NP', 'VP', 'S', 'VP', 'VP', 'VB']"
42,large,amod,festivals,[],['large'],"['S', 'NP', 'VP', 'S', 'VP', 'VP', 'NP', 'JJ']"
43,festivals,dobj,attend,"['large', 'and', 'events']","['large', 'festivals', 'and', 'events']","['S', 'NP', 'VP', 'S', 'VP', 'VP', 'NP', 'NNS']"
44,and,cc,festivals,[],['and'],"['S', 'NP', 'VP', 'S', 'VP', 'VP', 'NP', 'CC']"
45,events,conj,festivals,[],['events'],"['S', 'NP', 'VP', 'S', 'VP', 'VP', 'NP', 'NNS']"
46,will,aux,required,[],['will'],"['S', 'VP', 'MD']"
47,be,auxpass,required,[],['be'],"['S', 'VP', 'VP', 'VB']"
48,required,ROOT,required,"['\n', 'Those', 'will', 'be', 'show', '.']","['\n', 'Those', 'wanting', 'to', 'attend', 'large', 'festivals', 'and', 'events', 'will', 'be', 'required', 'to', 'show', 'a', 'negative', 'coronavirus', 'test', '.']","['S', 'VP', 'VP', 'VP', 'VBN']"
49,to,aux,show,[],['to'],"['S', 'VP', 'VP', 'VP', 'S', 'VP', 'TO']"
50,show,xcomp,required,"['to', 'test']","['to', 'show', 'a', 'negative', 'coronavirus', 'test']","['S', 'VP', 'VP', 'VP', 'S', 'VP', 'VP', 'VB']"
51,a,det,test,[],['a'],"['S', 'VP', 'VP', 'VP', 'S', 'VP', 'VP', 'NP', 'DT']"
52,negative,amod,test,[],['negative'],"['S', 'VP', 'VP', 'VP', 'S', 'VP', 'VP', 'NP', 'JJ']"
53,coronavirus,compound,test,[],['coronavirus'],"['S', 'VP', 'VP', 'VP', 'S', 'VP', 'VP', 'NP', 'NN']"
54,test,dobj,show,"['a', 'negative', 'coronavirus']","['a', 'negative', 'coronavirus', 'test']","['S', 'VP', 'VP', 'VP', 'S', 'VP', 'VP', 'NP', 'NN']"
55,.,punct,required,[],['.'],"['S', '.']"
56,The,det,Cabinet,[],['The'],"['S', 'NP', 'DT']"
57,Cabinet,nsubj,wants,['The'],"['The', 'Cabinet']","['S', 'NP', 'NNP']"
58,first,advmod,wants,[],['first'],"['S', 'ADVP', 'RB']"
59,wants,ROOT,wants,"['Cabinet', 'first', 'hear', 'is', '.']","['The', 'Cabinet', 'first', 'wants', 'to', 'hear', 'from', 'the', 'Outbreak', 'Management', 'Team', '(', 'OMT', ')', 'whether', 'such', 'extensive', 'relaxation', 'of', 'the', 'restrictions', 'in', 'the', 'Netherlands', 'is', 'a', 'responsible', 'course', 'of', 'action', '.']","['S', 'VP', 'VBZ']"
60,to,aux,hear,[],['to'],"['S', 'VP', 'S', 'VP', 'TO']"
61,hear,xcomp,wants,"['to', 'from']","['to', 'hear', 'from', 'the', 'Outbreak', 'Management', 'Team', '(', 'OMT', ')']","['S', 'VP', 'S', 'VP', 'VP', 'VB']"
62,from,prep,hear,['Team'],"['from', 'the', 'Outbreak', 'Management', 'Team', '(', 'OMT', ')']","['S', 'VP', 'S', 'VP', 'VP', 'PP', 'IN']"
63,the,det,Team,[],['the'],"['S', 'VP', 'S', 'VP', 'VP', 'PP', 'NP', 'NP', 'DT']"
64,Outbreak,compound,Management,[],['Outbreak'],"['S', 'VP', 'S', 'VP', 'VP', 'PP', 'NP', 'NP', 'NML', 'NNP']"
65,Management,compound,Team,['Outbreak'],"['Outbreak', 'Management']","['S', 'VP', 'S', 'VP', 'VP', 'PP', 'NP', 'NP', 'NML', 'NNP']"
66,Team,pobj,from,"['the', 'Management', '(', 'OMT', ')']","['the', 'Outbreak', 'Management', 'Team', '(', 'OMT', ')']","['S', 'VP', 'S', 'VP', 'VP', 'PP', 'NP', 'NP', 'NNP']"
67,(,punct,Team,[],['('],"['S', 'VP', 'S', 'VP', 'VP', 'PP', 'NP', 'NP', '-LRB-']"
68,OMT,appos,Team,[],['OMT'],"['S', 'VP', 'S', 'VP', 'VP', 'PP', 'NP', 'NP', 'NNP']"
69,),punct,Team,[],[')'],"['S', 'VP', 'S', 'VP', 'VP', 'PP', 'NP', 'ADJP', '-RRB-']"
70,whether,mark,is,[],['whether'],"['S', 'VP', 'S', 'VP', 'VP', 'PP', 'NP', 'ADJP', 'SBAR', 'IN']"
71,such,amod,relaxation,[],['such'],"['S', 'VP', 'S', 'VP', 'VP', 'PP', 'NP', 'ADJP', 'SBAR', 'S', 'NP', 'NP', 'JJ']"
72,extensive,amod,relaxation,[],['extensive'],"['S', 'VP', 'S', 'VP', 'VP', 'PP', 'NP', 'ADJP', 'SBAR', 'S', 'NP', 'NP', 'JJ']"
73,relaxation,nsubj,is,"['such', 'extensive', 'of']","['such', 'extensive', 'relaxation', 'of', 'the', 'restrictions', 'in', 'the', 'Netherlands']","['S', 'VP', 'S', 'VP', 'VP', 'PP', 'NP', 'ADJP', 'SBAR', 'S', 'NP', 'NP', 'NN']"
74,of,prep,relaxation,['restrictions'],"['of', 'the', 'restrictions', 'in', 'the', 'Netherlands']","['S', 'VP', 'S', 'VP', 'VP', 'PP', 'NP', 'ADJP', 'SBAR', 'S', 'NP', 'PP', 'IN']"
75,the,det,restrictions,[],['the'],"['S', 'VP', 'S', 'VP', 'VP', 'PP', 'NP', 'ADJP', 'SBAR', 'S', 'NP', 'PP', 'NP', 'NP', 'DT']"
76,restrictions,pobj,of,"['the', 'in']","['the', 'restrictions', 'in', 'the', 'Netherlands']","['S', 'VP', 'S', 'VP', 'VP', 'PP', 'NP', 'ADJP', 'SBAR', 'S', 'NP', 'PP', 'NP', 'NP', 'NNS']"
77,in,prep,restrictions,['Netherlands'],"['in', 'the', 'Netherlands']","['S', 'VP', 'S', 'VP', 'VP', 'PP', 'NP', 'ADJP', 'SBAR', 'S', 'NP', 'PP', 'NP', 'PP', 'IN']"
78,the,det,Netherlands,[],['the'],"['S', 'VP', 'S', 'VP', 'VP', 'PP', 'NP', 'ADJP', 'SBAR', 'S', 'NP', 'PP', 'NP', 'PP', 'NP', 'DT']"
79,Netherlands,pobj,in,['the'],"['the', 'Netherlands']","['S', 'VP', 'S', 'VP', 'VP', 'PP', 'NP', 'ADJP', 'SBAR', 'S', 'NP', 'PP', 'NP', 'PP', 'NP', 'NNPS']"
80,is,ccomp,wants,"['whether', 'relaxation', 'course']","['whether', 'such', 'extensive', 'relaxation', 'of', 'the', 'restrictions', 'in', 'the', 'Netherlands', 'is', 'a', 'responsible', 'course', 'of', 'action']","['S', 'VP', 'S', 'VP', 'VP', 'PP', 'NP', 'ADJP', 'SBAR', 'S', 'VP', 'VBZ']"
81,a,det,course,[],['a'],"['S', 'VP', 'S', 'VP', 'VP', 'PP', 'NP', 'ADJP', 'SBAR', 'S', 'VP', 'NP', 'NP', 'DT']"
82,responsible,amod,course,[],['responsible'],"['S', 'VP', 'S', 'VP', 'VP', 'PP', 'NP', 'ADJP', 'SBAR', 'S', 'VP', 'NP', 'NP', 'JJ']"
83,course,attr,is,"['a', 'responsible', 'of']","['a', 'responsible', 'course', 'of', 'action']","['S', 'VP', 'S', 'VP', 'VP', 'PP', 'NP', 'ADJP', 'SBAR', 'S', 'VP', 'NP', 'NP', 'NN']"
84,of,prep,course,['action'],"['of', 'action']","['S', 'VP', 'S', 'VP', 'VP', 'PP', 'NP', 'ADJP', 'SBAR', 'S', 'VP', 'NP', 'PP', 'IN']"
85,action,pobj,of,[],['action'],"['S', 'VP', 'S', 'VP', 'VP', 'PP', 'NP', 'ADJP', 'SBAR', 'S', 'VP', 'NP', 'PP', 'NP', 'NN']"
86,.,punct,wants,[],['.'],"['S', '.']"
88,Coronavirus,compound,infections,[],['Coronavirus'],"['S', 'PP', 'IN']"
89,infections,nsubj,are,"['Coronavirus', 'in']","['Coronavirus', 'infections', 'in', 'the', 'country']","['S', 'PP', 'NP', 'NNP']"
90,in,prep,infections,['country'],"['in', 'the', 'country']","['S', 'PP', 'NP', 'CD']"
91,the,det,country,[],['the'],"['S', ',']"
92,country,pobj,in,['the'],"['the', 'country']","['S', 'NP', 'NP', 'NN']"
93,are,ROOT,are,"['\n', 'infections', 'currently', 'at', ',', 'and', 'rising']","['\n', 'Coronavirus', 'infections', 'in', 'the', 'country', 'are', 'currently', 'at', 'an', 'all', '-', 'time', 'high', ',', 'and', 'Covid-19', 'hospitalizations', 'have', 'been', 'rising', 'for', 'five', 'weeks', ',', 'but', 'intensive', 'care', 'admissions', 'have', 'remained', 'near', 'a', '100', '-', 'day', 'low', '.']","['S', 'NP', 'NP', 'NNS']"
94,currently,advmod,are,[],['currently'],"['S', 'NP', ',']"
95,at,prep,are,['high'],"['at', 'an', 'all', '-', 'time', 'high']","['S', 'NP', 'NP', 'NNS']"
96,an,det,high,[],['an'],"['S', 'NP', 'CC']"
97,all,det,time,[],['all'],"['S', 'NP', 'NP', 'NP', 'NNS']"
98,-,punct,time,[],['-'],"['S', 'NP', 'NP', 'PP', 'IN']"
99,time,npadvmod,high,"['all', '-']","['all', '-', 'time']","['S', 'NP', 'NP', 'PP', 'NP', 'VBN']"
100,high,pobj,at,"['an', 'time']","['an', 'all', '-', 'time', 'high']","['S', 'NP', 'NP', 'PP', 'NP', 'NN']"
101,",",punct,are,[],"[',']","['S', 'VP', 'MD']"
102,and,cc,are,[],['and'],"['S', 'VP', 'ADVP', 'RB']"
103,Covid-19,compound,hospitalizations,[],['Covid-19'],"['S', 'VP', 'VP', 'VB']"
104,hospitalizations,nsubj,rising,['Covid-19'],"['Covid-19', 'hospitalizations']","['S', 'VP', 'VP', 'ADJP', 'JJ']"
105,have,aux,rising,[],['have'],"['S', 'VP', 'VP', 'ADJP', 'PP', 'IN']"
106,been,aux,rising,[],['been'],"['S', 'VP', 'VP', 'ADJP', 'PP', 'NP', 'NP', 'NNS']"
107,rising,conj,are,"['hospitalizations', 'have', 'been', 'for', ',', 'but', 'remained', '.']","['Covid-19', 'hospitalizations', 'have', 'been', 'rising', 'for', 'five', 'weeks', ',', 'but', 'intensive', 'care', 'admissions', 'have', 'remained', 'near', 'a', '100', '-', 'day', 'low', '.']","['S', 'VP', 'VP', 'ADJP', 'PP', 'NP', 'SBAR', 'WHNP', 'WP']"
108,for,prep,rising,['weeks'],"['for', 'five', 'weeks']","['S', 'VP', 'VP', 'ADJP', 'PP', 'NP', 'SBAR', 'S', 'VP', 'VBP']"
109,five,nummod,weeks,[],['five'],"['S', 'VP', 'VP', 'ADJP', 'PP', 'NP', 'SBAR', 'S', 'VP', 'ADJP', 'JJ']"
110,weeks,pobj,for,['five'],"['five', 'weeks']","['S', 'VP', 'VP', 'ADJP', 'PP', 'NP', 'SBAR', 'S', 'VP', 'PP', 'IN']"
111,",",punct,rising,[],"[',']","['S', 'VP', 'VP', 'ADJP', 'PP', 'NP', 'SBAR', 'S', 'VP', 'PP', 'NP', 'DT']"
112,but,cc,rising,[],['but'],"['S', 'VP', 'VP', 'ADJP', 'PP', 'NP', 'SBAR', 'S', 'VP', 'PP', 'NP', 'NN']"
113,intensive,amod,admissions,[],['intensive'],"['S', 'VP', 'VP', 'ADJP', 'PP', 'NP', 'SBAR', 'S', 'VP', 'PP', 'NP', 'NN']"
114,care,compound,admissions,[],['care'],"['S', '.']"
115,admissions,nsubj,remained,"['intensive', 'care']","['intensive', 'care', 'admissions']","['S', 'S', 'NP', 'NP', 'NN']"
116,have,aux,remained,[],['have'],"['S', 'S', 'NP', 'NP', 'NNS']"
117,remained,conj,rising,"['admissions', 'have', 'near']","['intensive', 'care', 'admissions', 'have', 'remained', 'near', 'a', '100', '-', 'day', 'low']","['S', 'S', 'NP', 'PP', 'IN']"
118,near,prep,remained,['low'],"['near', 'a', '100', '-', 'day', 'low']","['S', 'S', 'NP', 'PP', 'NP', 'DT']"
119,a,det,low,[],['a'],"['S', 'S', 'NP', 'PP', 'NP', 'NN']"
120,100,nummod,day,[],['100'],"['S', 'S', 'VP', 'VBP']"
121,-,punct,day,[],['-'],"['S', 'S', 'VP', 'ADVP', 'RB']"
122,day,compound,low,"['100', '-']","['100', '-', 'day']","['S', 'S', 'VP', 'PP', 'IN']"
123,low,pobj,near,"['a', 'day']","['a', '100', '-', 'day', 'low']","['S', 'S', 'VP', 'PP', 'NP', 'DT']"
124,.,punct,rising,[],['.'],"['S', 'S', 'VP', 'PP', 'NP', 'NML', 'DT']"
125,From,prep,be,['February'],"['From', 'February', '25']","['S', 'S', 'VP', 'PP', 'NP', 'NML', 'HYPH']"
126,February,pobj,From,['25'],"['February', '25']","['S', 'S', 'VP', 'PP', 'NP', 'NML', 'NN']"
127,25,nummod,February,[],['25'],"['S', 'S', 'VP', 'PP', 'NP', 'JJ']"
128,",",punct,be,[],"[',']","['S', ',']"
129,nightlife,compound,locations,[],['nightlife'],"['S', 'CC']"
130,locations,nsubj,be,"['nightlife', ',', 'festivals', 'without']","['nightlife', 'locations', ',', 'festivals', 'and', 'events', 'without', 'fixed', 'seating']","['S', 'S', 'NP', 'NML', 'NNP']"
131,",",punct,locations,[],"[',']","['S', 'S', 'NP', 'NML', 'CD']"
132,festivals,conj,locations,"['and', 'events']","['festivals', 'and', 'events']","['S', 'S', 'NP', 'NNS']"
133,and,cc,festivals,[],['and'],"['S', 'S', 'VP', 'VBP']"
134,events,conj,festivals,[],['events'],"['S', 'S', 'VP', 'VP', 'VBN']"
135,without,prep,locations,['seating'],"['without', 'fixed', 'seating']","['S', 'S', 'VP', 'VP', 'VP', 'VBG']"
136,fixed,amod,seating,[],['fixed'],"['S', 'S', 'VP', 'VP', 'VP', 'PP', 'IN']"
137,seating,pobj,without,['fixed'],"['fixed', 'seating']","['S', 'S', 'VP', 'VP', 'VP', 'PP', 'NP', 'CD']"
138,may,aux,be,[],['may'],"['S', 'S', 'VP', 'VP', 'VP', 'PP', 'NP', 'NNS']"
139,already,advmod,be,[],['already'],"['S', ',']"
140,be,ROOT,be,"['From', ',', 'locations', 'may', 'already', 'open', '.']","['From', 'February', '25', ',', 'nightlife', 'locations', ',', 'festivals', 'and', 'events', 'without', 'fixed', 'seating', 'may', 'already', 'be', 'open', 'to', 'people', 'who', 'test', 'negative', 'for', 'the', 'coronavirus', 'infection', '.']","['S', 'CC']"
141,open,acomp,be,['to'],"['open', 'to', 'people', 'who', 'test', 'negative', 'for', 'the', 'coronavirus', 'infection']","['S', 'S', 'NP', 'JJ']"
142,to,prep,open,['people'],"['to', 'people', 'who', 'test', 'negative', 'for', 'the', 'coronavirus', 'infection']","['S', 'S', 'NP', 'NN']"
143,people,pobj,to,['test'],"['people', 'who', 'test', 'negative', 'for', 'the', 'coronavirus', 'infection']","['S', 'S', 'NP', 'NNS']"
144,who,nsubj,test,[],['who'],"['S', 'S', 'VP', 'VBP']"
145,test,relcl,people,"['who', 'negative', 'for']","['who', 'test', 'negative', 'for', 'the', 'coronavirus', 'infection']","['S', 'S', 'VP', 'VP', 'VBN']"
146,negative,acomp,test,[],['negative'],"['S', 'S', 'VP', 'VP', 'PP', 'IN']"
147,for,prep,test,['infection'],"['for', 'the', 'coronavirus', 'infection']","['S', 'S', 'VP', 'VP', 'PP', 'NP', 'DT']"
148,the,det,infection,[],['the'],"['S', 'S', 'VP', 'VP', 'PP', 'NP', 'NML', 'CD']"
149,coronavirus,compound,infection,[],['coronavirus'],"['S', 'S', 'VP', 'VP', 'PP', 'NP', 'NML', 'HYPH']"
150,infection,pobj,for,"['the', 'coronavirus']","['the', 'coronavirus', 'infection']","['S', 'S', 'VP', 'VP', 'PP', 'NP', 'NML', 'NN']"
151,.,punct,be,[],['.'],"['S', 'S', 'VP', 'VP', 'PP', 'NP', 'NN']"
153,These,det,changes,[],['These'],"['S', '.']"
154,changes,nsubjpass,expected,"['These', 'policy']","['These', 'changes', 'to', 'policy', 'in', 'the', 'Netherlands']","['S', 'NP', 'NP', 'DT']"
155,to,aux,policy,[],['to'],"['S', 'NP', 'NP', 'NNS']"
156,policy,relcl,changes,"['to', 'in']","['to', 'policy', 'in', 'the', 'Netherlands']","['S', 'NP', 'PP', 'IN']"
157,in,prep,policy,['Netherlands'],"['in', 'the', 'Netherlands']","['S', 'NP', 'PP', 'NP', 'NP', 'NN']"
158,the,det,Netherlands,[],['the'],"['S', 'NP', 'PP', 'NP', 'PP', 'IN']"
159,Netherlands,pobj,in,['the'],"['the', 'Netherlands']","['S', 'NP', 'PP', 'NP', 'PP', 'NP', 'DT']"
160,are,auxpass,expected,[],['are'],"['S', 'NP', 'PP', 'NP', 'PP', 'NP', 'NNPS']"
161,expected,ROOT,expected,"['\n', 'changes', 'are', 'announced', '.']","['\n', 'These', 'changes', 'to', 'policy', 'in', 'the', 'Netherlands', 'are', 'expected', 'to', 'be', 'announced', 'at', 'a', 'press', 'conference', 'on', 'Tuesday', '.']","['S', 'VP', 'VBP']"
162,to,aux,announced,[],['to'],"['S', 'VP', 'VP', 'VBN']"
163,be,auxpass,announced,[],['be'],"['S', 'VP', 'VP', 'S', 'VP', 'TO']"
164,announced,xcomp,expected,"['to', 'be', 'at']","['to', 'be', 'announced', 'at', 'a', 'press', 'conference', 'on', 'Tuesday']","['S', 'VP', 'VP', 'S', 'VP', 'VP', 'VB']"
165,at,prep,announced,['conference'],"['at', 'a', 'press', 'conference', 'on', 'Tuesday']","['S', 'VP', 'VP', 'S', 'VP', 'VP', 'VP', 'VBN']"
166,a,det,conference,[],['a'],"['S', 'VP', 'VP', 'S', 'VP', 'VP', 'VP', 'PP', 'IN']"
167,press,compound,conference,[],['press'],"['S', 'VP', 'VP', 'S', 'VP', 'VP', 'VP', 'PP', 'NP', 'DT']"
168,conference,pobj,at,"['a', 'press', 'on']","['a', 'press', 'conference', 'on', 'Tuesday']","['S', 'VP', 'VP', 'S', 'VP', 'VP', 'VP', 'PP', 'NP', 'NN']"
169,on,prep,conference,['Tuesday'],"['on', 'Tuesday']","['S', 'VP', 'VP', 'S', 'VP', 'VP', 'VP', 'PP', 'NP', 'NN']"
170,Tuesday,pobj,on,[],['Tuesday'],"['S', 'VP', 'VP', 'S', 'VP', 'VP', 'VP', 'PP', 'IN']"
171,.,punct,expected,[],['.'],"['S', 'VP', 'VP', 'S', 'VP', 'VP', 'VP', 'PP', 'NP', 'NNP']"
173,This,det,week,[],['This'],"['S', '.']"
174,week,npadvmod,said,['This'],"['This', 'week']","['S', 'NP', 'DT']"
175,",",punct,said,[],"[',']","['S', 'NP', 'NN']"
176,Kuipers,nsubj,said,[],['Kuipers'],"['S', ',']"
177,said,ROOT,said,"['\n', 'week', ',', 'Kuipers', 'is', '.']","['\n', 'This', 'week', ',', 'Kuipers', 'said', 'the', 'government', ""'s"", 'new', 'focus', 'is', 'to', 'keep', 'society', 'open', ',', 'which', 'was', 'celebrated', 'by', 'the', 'mayors', 'on', 'the', 'Security', 'Council', '.']","['S', 'NP', 'NNP']"
178,the,det,government,[],['the'],"['S', 'VP', 'VP', 'VBD']"
179,government,poss,focus,"['the', ""'s""]","['the', 'government', ""'s""]","['S', 'VP', 'VP', 'SBAR', 'S', 'NP', 'NP', 'DT']"
180,'s,case,government,[],"[""'s""]","['S', 'VP', 'VP', 'SBAR', 'S', 'NP', 'NP', 'NN']"
181,new,amod,focus,[],['new'],"['S', 'VP', 'VP', 'SBAR', 'S', 'NP', 'NP', 'POS']"
182,focus,nsubj,is,"['government', 'new']","['the', 'government', ""'s"", 'new', 'focus']","['S', 'VP', 'VP', 'SBAR', 'S', 'NP', 'JJ']"
183,is,ccomp,said,"['focus', 'keep']","['the', 'government', ""'s"", 'new', 'focus', 'is', 'to', 'keep', 'society', 'open', ',', 'which', 'was', 'celebrated', 'by', 'the', 'mayors', 'on', 'the', 'Security', 'Council']","['S', 'VP', 'VP', 'SBAR', 'S', 'NP', 'NN']"
184,to,aux,keep,[],['to'],"['S', 'VP', 'VP', 'SBAR', 'S', 'VP', 'VBZ']"
185,keep,xcomp,is,"['to', 'open', 'celebrated']","['to', 'keep', 'society', 'open', ',', 'which', 'was', 'celebrated', 'by', 'the', 'mayors', 'on', 'the', 'Security', 'Council']","['S', 'VP', 'VP', 'SBAR', 'S', 'VP', 'S', 'VP', 'TO']"
186,society,compound,open,[],['society'],"['S', 'VP', 'VP', 'SBAR', 'S', 'VP', 'S', 'VP', 'VP', 'VB']"
187,open,oprd,keep,"['society', ',']","['society', 'open', ',']","['S', 'VP', 'VP', 'SBAR', 'S', 'VP', 'S', 'VP', 'VP', 'NP', 'NN']"
188,",",punct,open,[],"[',']","['S', 'VP', 'VP', 'SBAR', 'S', 'VP', 'S', 'VP', 'VP', 'S', 'ADJP', 'JJ']"
189,which,nsubjpass,celebrated,[],['which'],"['S', 'VP', ',']"
190,was,auxpass,celebrated,[],['was'],"['S', 'VP', 'SBAR', 'WHNP', 'WDT']"
191,celebrated,relcl,keep,"['which', 'was', 'by']","['which', 'was', 'celebrated', 'by', 'the', 'mayors', 'on', 'the', 'Security', 'Council']","['S', 'VP', 'SBAR', 'S', 'VP', 'VBD']"
192,by,agent,celebrated,['mayors'],"['by', 'the', 'mayors', 'on', 'the', 'Security', 'Council']","['S', 'VP', 'SBAR', 'S', 'VP', 'VP', 'VBN']"
193,the,det,mayors,[],['the'],"['S', 'VP', 'SBAR', 'S', 'VP', 'VP', 'PP', 'IN']"
194,mayors,pobj,by,"['the', 'on']","['the', 'mayors', 'on', 'the', 'Security', 'Council']","['S', 'VP', 'SBAR', 'S', 'VP', 'VP', 'PP', 'NP', 'NP', 'DT']"
195,on,prep,mayors,['Council'],"['on', 'the', 'Security', 'Council']","['S', 'VP', 'SBAR', 'S', 'VP', 'VP', 'PP', 'NP', 'NP', 'NNS']"
196,the,det,Council,[],['the'],"['S', 'VP', 'SBAR', 'S', 'VP', 'VP', 'PP', 'NP', 'PP', 'IN']"
197,Security,compound,Council,[],['Security'],"['S', 'VP', 'SBAR', 'S', 'VP', 'VP', 'PP', 'NP', 'PP', 'NP', 'DT']"
198,Council,pobj,on,"['the', 'Security']","['the', 'Security', 'Council']","['S', 'VP', 'SBAR', 'S', 'VP', 'VP', 'PP', 'NP', 'PP', 'NP', 'NNP']"
199,.,punct,said,[],['.'],"['S', 'VP', 'SBAR', 'S', 'VP', 'VP', 'PP', 'NP', 'PP', 'NP', 'NNP']"
201,If,mark,think,[],['If'],"['S', '.']"
202,the,det,experts,[],['the'],"['S', 'SBAR', 'IN']"
203,experts,nsubj,think,['the'],"['the', 'experts']","['S', 'SBAR', 'S', 'NP', 'DT']"
204,think,advcl,taken,"['If', 'experts', ""'s""]","['If', 'the', 'experts', 'think', 'it', ""'s"", 'justified']","['S', 'SBAR', 'S', 'NP', 'NNS']"
205,it,nsubj,'s,[],['it'],"['S', 'SBAR', 'S', 'VP', 'VBP']"
206,'s,ccomp,think,"['it', 'justified']","['it', ""'s"", 'justified']","['S', 'SBAR', 'S', 'VP', 'SBAR', 'S', 'NP', 'PRP']"
207,justified,acomp,'s,[],['justified'],"['S', 'SBAR', 'S', 'VP', 'SBAR', 'S', 'VP', 'VBZ']"
208,",",punct,taken,[],"[',']","['S', 'SBAR', 'S', 'VP', 'SBAR', 'S', 'VP', 'ADJP', 'VBN']"
209,further,amod,steps,[],['further'],"['S', ',']"
210,steps,nsubjpass,taken,['further'],"['further', 'steps']","['S', 'NP', 'JJ']"
211,will,aux,taken,[],['will'],"['S', 'NP', 'NNS']"
212,probably,advmod,taken,[],['probably'],"['S', 'VP', 'MD']"
213,be,auxpass,taken,[],['be'],"['S', 'VP', 'ADVP', 'RB']"
214,taken,ROOT,taken,"['\n', 'think', ',', 'steps', 'will', 'probably', 'be', 'at', '.']","['\n', 'If', 'the', 'experts', 'think', 'it', ""'s"", 'justified', ',', 'further', 'steps', 'will', 'probably', 'be', 'taken', 'at', 'the', 'beginning', 'of', 'March', '.']","['S', 'VP', 'VP', 'VB']"
215,at,prep,taken,['beginning'],"['at', 'the', 'beginning', 'of', 'March']","['S', 'VP', 'VP', 'VP', 'VBN']"
216,the,det,beginning,[],['the'],"['S', 'VP', 'VP', 'VP', 'PP', 'IN']"
217,beginning,pobj,at,"['the', 'of']","['the', 'beginning', 'of', 'March']","['S', 'VP', 'VP', 'VP', 'PP', 'NP', 'NP', 'DT']"
218,of,prep,beginning,['March'],"['of', 'March']","['S', 'VP', 'VP', 'VP', 'PP', 'NP', 'NP', 'NN']"
219,March,pobj,of,[],['March'],"['S', 'VP', 'VP', 'VP', 'PP', 'NP', 'PP', 'IN']"
220,.,punct,taken,[],['.'],"['S', 'VP', 'VP', 'VP', 'PP', 'NP', 'PP', 'NP', 'NNP']"
222,These,det,relaxations,[],['These'],"['S', '.']"
223,relaxations,nsubjpass,announced,['These'],"['These', 'relaxations']","['S', 'S', 'NP', 'DT']"
224,may,aux,announced,[],['may'],"['S', 'S', 'NP', 'NNS']"
225,be,auxpass,announced,[],['be'],"['S', 'S', 'VP', 'MD']"
226,announced,ROOT,announced,"['\n', 'relaxations', 'may', 'be', 'at', ',', 'but', 'is']","['\n', 'These', 'relaxations', 'may', 'be', 'announced', 'at', 'a', 'press', 'conference', 'on', 'March', '8', ',', 'but', 'that', 'is', 'not', 'yet', 'certain', '.']","['S', 'S', 'VP', 'VP', 'VB']"
227,at,prep,announced,['conference'],"['at', 'a', 'press', 'conference', 'on', 'March', '8']","['S', 'S', 'VP', 'VP', 'VP', 'VBN']"
228,a,det,conference,[],['a'],"['S', 'S', 'VP', 'VP', 'VP', 'PP', 'IN']"
229,press,compound,conference,[],['press'],"['S', 'S', 'VP', 'VP', 'VP', 'PP', 'NP', 'DT']"
230,conference,pobj,at,"['a', 'press', 'on']","['a', 'press', 'conference', 'on', 'March', '8']","['S', 'S', 'VP', 'VP', 'VP', 'PP', 'NP', 'NN']"
231,on,prep,conference,['March'],"['on', 'March', '8']","['S', 'S', 'VP', 'VP', 'VP', 'PP', 'NP', 'NN']"
232,March,pobj,on,['8'],"['March', '8']","['S', 'S', 'VP', 'VP', 'VP', 'PP', 'IN']"
233,8,nummod,March,[],['8'],"['S', 'S', 'VP', 'VP', 'VP', 'PP', 'NP', 'NNP']"
234,",",punct,announced,[],"[',']","['S', 'S', 'VP', 'VP', 'VP', 'PP', 'NP', 'CD']"
235,but,cc,announced,[],['but'],"['S', ',']"
236,that,nsubj,is,[],['that'],"['S', 'CC']"
237,is,conj,announced,"['that', 'not', 'yet', 'certain', '.']","['that', 'is', 'not', 'yet', 'certain', '.']","['S', 'S', 'NP', 'DT']"
238,not,neg,is,[],['not'],"['S', 'S', 'VP', 'VBZ']"
239,yet,advmod,is,[],['yet'],"['S', 'S', 'VP', 'RB']"
240,certain,acomp,is,[],['certain'],"['S', 'S', 'VP', 'ADVP', 'RB']"
241,.,punct,is,[],['.'],"['S', 'S', 'VP', 'ADJP', 'JJ']"
243,Earlier,advmod,emerged,['in'],"['Earlier', 'in', 'the', 'day']","['S', '.']"
244,in,prep,Earlier,['day'],"['in', 'the', 'day']","['S', 'ADVP', 'RBR']"
245,the,det,day,[],['the'],"['S', 'ADVP', 'PP', 'IN']"
246,day,pobj,in,['the'],"['the', 'day']","['S', 'ADVP', 'PP', 'NP', 'DT']"
247,it,nsubjpass,emerged,[],['it'],"['S', 'ADVP', 'PP', 'NP', 'NN']"
248,was,auxpass,emerged,[],['was'],"['S', 'NP', 'PRP']"
249,emerged,ROOT,emerged,"['\n', 'Earlier', 'it', 'was', 'wants', '.']","['\n', 'Earlier', 'in', 'the', 'day', 'it', 'was', 'emerged', 'that', 'the', 'Cabinet', 'wants', 'to', 'extend', 'the', 'opening', 'hours', 'for', 'the', 'hospitality', 'industry', ',', 'theaters', 'and', 'cinemas', 'next', 'week', '.']","['S', 'VP', 'VBD']"
250,that,mark,wants,[],['that'],"['S', 'VP', 'VP', 'VBN']"
251,the,det,Cabinet,[],['the'],"['S', 'VP', 'VP', 'SBAR', 'IN']"
252,Cabinet,nsubj,wants,['the'],"['the', 'Cabinet']","['S', 'VP', 'VP', 'SBAR', 'S', 'NP', 'DT']"
253,wants,ccomp,emerged,"['that', 'Cabinet', 'extend']","['that', 'the', 'Cabinet', 'wants', 'to', 'extend', 'the', 'opening', 'hours', 'for', 'the', 'hospitality', 'industry', ',', 'theaters', 'and', 'cinemas', 'next', 'week']","['S', 'VP', 'VP', 'SBAR', 'S', 'NP', 'NNP']"
254,to,aux,extend,[],['to'],"['S', 'VP', 'VP', 'SBAR', 'S', 'VP', 'VBZ']"
255,extend,xcomp,wants,"['to', 'hours', 'week']","['to', 'extend', 'the', 'opening', 'hours', 'for', 'the', 'hospitality', 'industry', ',', 'theaters', 'and', 'cinemas', 'next', 'week']","['S', 'VP', 'VP', 'SBAR', 'S', 'VP', 'S', 'VP', 'TO']"
256,the,det,hours,[],['the'],"['S', 'VP', 'VP', 'SBAR', 'S', 'VP', 'S', 'VP', 'VP', 'VB']"
257,opening,compound,hours,[],['opening'],"['S', 'VP', 'VP', 'SBAR', 'S', 'VP', 'S', 'VP', 'VP', 'NP', 'NP', 'DT']"
258,hours,dobj,extend,"['the', 'opening', 'for']","['the', 'opening', 'hours', 'for', 'the', 'hospitality', 'industry', ',', 'theaters', 'and', 'cinemas']","['S', 'VP', 'VP', 'SBAR', 'S', 'VP', 'S', 'VP', 'VP', 'NP', 'NP', 'NN']"
259,for,prep,hours,['industry'],"['for', 'the', 'hospitality', 'industry', ',', 'theaters', 'and', 'cinemas']","['S', 'VP', 'VP', 'SBAR', 'S', 'VP', 'S', 'VP', 'VP', 'NP', 'NP', 'NNS']"
260,the,det,industry,[],['the'],"['S', 'VP', 'VP', 'SBAR', 'S', 'VP', 'S', 'VP', 'VP', 'NP', 'PP', 'IN']"
261,hospitality,compound,industry,[],['hospitality'],"['S', 'VP', 'VP', 'SBAR', 'S', 'VP', 'S', 'VP', 'VP', 'NP', 'PP', 'NP', 'NP', 'DT']"
262,industry,pobj,for,"['the', 'hospitality', ',', 'theaters']","['the', 'hospitality', 'industry', ',', 'theaters', 'and', 'cinemas']","['S', 'VP', 'VP', 'SBAR', 'S', 'VP', 'S', 'VP', 'VP', 'NP', 'PP', 'NP', 'NP', 'NN']"
263,",",punct,industry,[],"[',']","['S', 'VP', 'VP', 'SBAR', 'S', 'VP', 'S', 'VP', 'VP', 'NP', 'PP', 'NP', 'NP', 'NN']"
264,theaters,conj,industry,"['and', 'cinemas']","['theaters', 'and', 'cinemas']","['S', 'VP', 'VP', 'SBAR', 'S', 'VP', 'S', 'VP', 'VP', 'NP', 'PP', 'NP', ',']"
265,and,cc,theaters,[],['and'],"['S', 'VP', 'VP', 'SBAR', 'S', 'VP', 'S', 'VP', 'VP', 'NP', 'PP', 'NP', 'NP', 'NNS']"
266,cinemas,conj,theaters,[],['cinemas'],"['S', 'VP', 'VP', 'SBAR', 'S', 'VP', 'S', 'VP', 'VP', 'NP', 'PP', 'NP', 'CC']"
267,next,amod,week,[],['next'],"['S', 'VP', 'VP', 'SBAR', 'S', 'VP', 'S', 'VP', 'VP', 'NP', 'PP', 'NP', 'NP', 'NNS']"
268,week,npadvmod,extend,['next'],"['next', 'week']","['S', 'VP', 'VP', 'SBAR', 'S', 'VP', 'S', 'VP', 'VP', 'NP', 'JJ']"
269,.,punct,emerged,[],['.'],"['S', 'VP', 'VP', 'SBAR', 'S', 'VP', 'S', 'VP', 'VP', 'NP', 'NN']"
271,The,det,time,[],['The'],"['S', '.']"
272,exact,amod,time,[],['exact'],"['S', 'NP', 'NP', 'DT']"
273,time,nsubjpass,discussed,"['The', 'exact', 'of']","['The', 'exact', 'time', 'of', 'closure']","['S', 'NP', 'NP', 'JJ']"
274,of,prep,time,['closure'],"['of', 'closure']","['S', 'NP', 'NP', 'NN']"
275,closure,pobj,of,[],['closure'],"['S', 'NP', 'PP', 'IN']"
276,is,aux,discussed,[],['is'],"['S', 'NP', 'PP', 'NP', 'NN']"
277,still,advmod,discussed,[],['still'],"['S', 'VP', 'VBZ']"
278,being,auxpass,discussed,[],['being'],"['S', 'VP', 'ADVP', 'RB']"
279,discussed,ROOT,discussed,"['\n', 'time', 'is', 'still', 'being', '.']","['\n', 'The', 'exact', 'time', 'of', 'closure', 'is', 'still', 'being', 'discussed', '.']","['S', 'VP', 'VP', 'VBG']"
280,.,punct,discussed,[],['.'],"['S', 'VP', 'VP', 'VP', 'VBN']"
282,These,det,businesses,[],['These'],"['S', '.']"
283,businesses,nsubj,have,['These'],"['These', 'businesses']","['S', 'NP', 'DT']"
284,currently,advmod,have,[],['currently'],"['S', 'NP', 'NNS']"
285,have,ROOT,have,"['\n', 'businesses', 'currently', 'close', 'have', '.']","['\n', 'These', 'businesses', 'currently', 'have', 'to', 'close', 'at', '10', 'p.m.', 'Customers', 'may', 'no', 'longer', 'have', 'to', 'remain', 'in', 'assigned', 'seats', ',', 'and', 'social', 'distancing', 'requirements', 'in', 'the', 'hospitality', 'and', 'cultural', 'sector', 'could', 'disappear', ',', 'allowing', 'them', 'to', 'increase', 'attendance', 'to', 'maximum', 'capacity', '.']","['S', 'ADVP', 'RB']"
286,to,aux,close,[],['to'],"['S', 'VP', 'VBP']"
287,close,xcomp,have,"['to', 'at']","['to', 'close', 'at', '10', 'p.m.']","['S', 'VP', 'S', 'VP', 'TO']"
288,at,prep,close,['p.m.'],"['at', '10', 'p.m.']","['S', 'VP', 'S', 'VP', 'VP', 'VB']"
289,10,nummod,p.m.,[],['10'],"['S', 'VP', 'S', 'VP', 'VP', 'PP', 'IN']"
290,p.m.,pobj,at,['10'],"['10', 'p.m.']","['S', 'VP', 'S', 'VP', 'VP', 'PP', 'NP', 'CD']"
291,Customers,nsubj,have,[],['Customers'],"['S', 'VP', 'S', 'VP', 'VP', 'PP', 'NP', 'NN']"
292,may,aux,have,[],['may'],"['S', '.']"
293,no,neg,longer,[],['no'],"['S', 'S', 'NP', 'NNS']"
294,longer,advmod,have,['no'],"['no', 'longer']","['S', 'S', 'VP', 'MD']"
295,have,conj,have,"['Customers', 'may', 'longer', 'remain', ',', 'and', 'disappear']","['Customers', 'may', 'no', 'longer', 'have', 'to', 'remain', 'in', 'assigned', 'seats', ',', 'and', 'social', 'distancing', 'requirements', 'in', 'the', 'hospitality', 'and', 'cultural', 'sector', 'could', 'disappear', ',', 'allowing', 'them', 'to', 'increase', 'attendance', 'to', 'maximum', 'capacity']","['S', 'S', 'VP', 'ADVP', 'RB']"
296,to,aux,remain,[],['to'],"['S', 'S', 'VP', 'ADVP', 'RBR']"
297,remain,xcomp,have,"['to', 'in']","['to', 'remain', 'in', 'assigned', 'seats']","['S', 'S', 'VP', 'VP', 'VB']"
298,in,prep,remain,['seats'],"['in', 'assigned', 'seats']","['S', 'S', 'VP', 'VP', 'S', 'VP', 'TO']"
299,assigned,amod,seats,[],['assigned'],"['S', 'S', 'VP', 'VP', 'S', 'VP', 'VP', 'VB']"
300,seats,pobj,in,['assigned'],"['assigned', 'seats']","['S', 'S', 'VP', 'VP', 'S', 'VP', 'VP', 'PP', 'IN']"
301,",",punct,have,[],"[',']","['S', 'S', 'VP', 'VP', 'S', 'VP', 'VP', 'PP', 'NP', 'VBN']"
302,and,cc,have,[],['and'],"['S', 'S', 'VP', 'VP', 'S', 'VP', 'VP', 'PP', 'NP', 'NNS']"
303,social,amod,requirements,[],['social'],"['S', ',']"
304,distancing,compound,requirements,[],['distancing'],"['S', 'CC']"
305,requirements,nsubj,disappear,"['social', 'distancing', 'in']","['social', 'distancing', 'requirements', 'in', 'the', 'hospitality', 'and', 'cultural', 'sector']","['S', 'S', 'NP', 'NP', 'JJ']"
306,in,prep,requirements,['hospitality'],"['in', 'the', 'hospitality', 'and', 'cultural', 'sector']","['S', 'S', 'NP', 'NP', 'VBG']"
307,the,det,hospitality,[],['the'],"['S', 'S', 'NP', 'NP', 'NNS']"
308,hospitality,pobj,in,"['the', 'and', 'sector']","['the', 'hospitality', 'and', 'cultural', 'sector']","['S', 'S', 'NP', 'PP', 'IN']"
309,and,cc,hospitality,[],['and'],"['S', 'S', 'NP', 'PP', 'NP', 'DT']"
310,cultural,amod,sector,[],['cultural'],"['S', 'S', 'NP', 'PP', 'NP', 'NML', 'NN']"
311,sector,conj,hospitality,['cultural'],"['cultural', 'sector']","['S', 'S', 'NP', 'PP', 'NP', 'NML', 'CC']"
312,could,aux,disappear,[],['could'],"['S', 'S', 'NP', 'PP', 'NP', 'NML', 'JJ']"
313,disappear,conj,have,"['requirements', 'could', ',', 'allowing']","['social', 'distancing', 'requirements', 'in', 'the', 'hospitality', 'and', 'cultural', 'sector', 'could', 'disappear', ',', 'allowing', 'them', 'to', 'increase', 'attendance', 'to', 'maximum', 'capacity']","['S', 'S', 'NP', 'PP', 'NP', 'NN']"
314,",",punct,disappear,[],"[',']","['S', 'S', 'VP', 'MD']"
315,allowing,advcl,disappear,['increase'],"['allowing', 'them', 'to', 'increase', 'attendance', 'to', 'maximum', 'capacity']","['S', 'S', 'VP', 'VP', 'VB']"
316,them,nsubj,increase,[],['them'],"['S', ',']"
317,to,aux,increase,[],['to'],"['S', 'S', 'VP', 'VBG']"
318,increase,ccomp,allowing,"['them', 'to', 'attendance']","['them', 'to', 'increase', 'attendance', 'to', 'maximum', 'capacity']","['S', 'S', 'VP', 'S', 'NP', 'PRP']"
319,attendance,dobj,increase,['to'],"['attendance', 'to', 'maximum', 'capacity']","['S', 'S', 'VP', 'S', 'VP', 'TO']"
320,to,prep,attendance,['capacity'],"['to', 'maximum', 'capacity']","['S', 'S', 'VP', 'S', 'VP', 'VP', 'VB']"
321,maximum,amod,capacity,[],['maximum'],"['S', 'S', 'VP', 'S', 'VP', 'VP', 'NP', 'NN']"
322,capacity,pobj,to,['maximum'],"['maximum', 'capacity']","['S', 'S', 'VP', 'S', 'VP', 'VP', 'PP', 'IN']"
323,.,punct,have,[],['.'],"['S', 'S', 'VP', 'S', 'VP', 'VP', 'PP', 'NP', 'JJ']"
325,Furthermore,advmod,disappear,[],['Furthermore'],"['S', 'S', 'VP', 'S', 'VP', 'VP', 'PP', 'NP', 'NN']"
326,",",punct,disappear,[],"[',']","['S', '.']"
327,according,prep,disappear,['to'],"['according', 'to', 'sources', 'close', 'to', 'the', 'Cabinet']","['S', 'ADVP', 'RB']"
328,to,prep,according,['sources'],"['to', 'sources', 'close', 'to', 'the', 'Cabinet']","['S', ',']"
329,sources,pobj,to,['close'],"['sources', 'close', 'to', 'the', 'Cabinet']","['S', 'PP', 'VBG']"
330,close,amod,sources,['to'],"['close', 'to', 'the', 'Cabinet']","['S', 'PP', 'PP', 'IN']"
331,to,prep,close,['Cabinet'],"['to', 'the', 'Cabinet']","['S', 'PP', 'PP', 'NP', 'NP', 'NNS']"
332,the,det,Cabinet,[],['the'],"['S', 'PP', 'PP', 'NP', 'ADJP', 'JJ']"
333,Cabinet,pobj,to,['the'],"['the', 'Cabinet']","['S', 'PP', 'PP', 'NP', 'ADJP', 'PP', 'IN']"
334,",",punct,disappear,[],"[',']","['S', 'PP', 'PP', 'NP', 'ADJP', 'PP', 'NP', 'DT']"
335,the,det,advice,[],['the'],"['S', 'PP', 'PP', 'NP', 'ADJP', 'PP', 'NP', 'NNP']"
336,advice,nsubj,disappear,"['the', 'work']","['the', 'advice', 'to', 'work', 'from', 'home']","['S', ',']"
337,to,aux,work,[],['to'],"['S', 'NP', 'DT']"
338,work,relcl,advice,"['to', 'from']","['to', 'work', 'from', 'home']","['S', 'NP', 'NN']"
339,from,prep,work,['home'],"['from', 'home']","['S', 'NP', 'S', 'VP', 'TO']"
340,home,pobj,from,[],['home'],"['S', 'NP', 'S', 'VP', 'VP', 'VB']"
341,will,aux,disappear,[],['will'],"['S', 'NP', 'S', 'VP', 'VP', 'PP', 'IN']"
342,also,advmod,disappear,[],['also'],"['S', 'NP', 'S', 'VP', 'VP', 'PP', 'NP', 'NN']"
343,disappear,ROOT,disappear,"['Furthermore', ',', 'according', ',', 'advice', 'will', 'also', '.']","['Furthermore', ',', 'according', 'to', 'sources', 'close', 'to', 'the', 'Cabinet', ',', 'the', 'advice', 'to', 'work', 'from', 'home', 'will', 'also', 'disappear', '.']","['S', 'VP', 'MD']"
344,.,punct,disappear,[],['.'],"['S', 'VP', 'ADVP', 'RB']"
346,The,det,advice,[],['The'],"['S', 'VP', 'VP', 'VB']"
347,current,amod,advice,[],['current'],"['S', '.']"
348,advice,nsubj,been,"['The', 'current']","['The', 'current', 'advice']","['S', 'NP', 'DT']"
349,has,aux,been,[],['has'],"['S', 'NP', 'JJ']"
350,been,ROOT,been,"['\n', 'advice', 'has', 'in', 'since', '.']","['\n', 'The', 'current', 'advice', 'has', 'been', 'in', 'effect', 'since', 'November', '26', '.']","['S', 'NP', 'NN']"
351,in,prep,been,['effect'],"['in', 'effect']","['S', 'VP', 'VBZ']"
352,effect,pobj,in,[],['effect'],"['S', 'VP', 'VP', 'VBN']"
353,since,prep,been,['November'],"['since', 'November', '26']","['S', 'VP', 'VP', 'PP', 'IN']"
354,November,pobj,since,['26'],"['November', '26']","['S', 'VP', 'VP', 'PP', 'NP', 'NN']"
355,26,nummod,November,[],['26'],"['S', 'VP', 'VP', 'PP', 'IN']"
356,.,punct,been,[],['.'],"['S', 'VP', 'VP', 'PP', 'NP', 'NNP']"
358,It,nsubjpass,announced,[],['It'],"['S', 'VP', 'VP', 'PP', 'NP', 'CD']"
359,will,aux,announced,[],['will'],"['S', '.']"
360,also,advmod,announced,[],['also'],"['S', 'NP', 'PRP']"
361,probably,advmod,announced,[],['probably'],"['S', 'VP', 'MD']"
362,be,auxpass,announced,[],['be'],"['S', 'VP', 'ADVP', 'RB']"
363,announced,ROOT,announced,"['\n', 'It', 'will', 'also', 'probably', 'be', 'week', 'lifted', '.']","['\n', 'It', 'will', 'also', 'probably', 'be', 'announced', 'next', 'week', 'that', 'the', 'restriction', 'to', 'receive', 'a', 'maximum', 'of', 'four', 'people', 'at', 'home', 'will', 'be', 'lifted', '.']","['S', 'VP', 'ADVP', 'RB']"
364,next,amod,week,[],['next'],"['S', 'VP', 'VP', 'VB']"
365,week,npadvmod,announced,['next'],"['next', 'week']","['S', 'VP', 'VP', 'VP', 'VBN']"
366,that,mark,lifted,[],['that'],"['S', 'VP', 'VP', 'VP', 'NP', 'JJ']"
367,the,det,restriction,[],['the'],"['S', 'VP', 'VP', 'VP', 'NP', 'NN']"
368,restriction,nsubjpass,lifted,"['the', 'receive']","['the', 'restriction', 'to', 'receive', 'a', 'maximum']","['S', 'VP', 'VP', 'VP', 'SBAR', 'IN']"
369,to,aux,receive,[],['to'],"['S', 'VP', 'VP', 'VP', 'SBAR', 'S', 'NP', 'DT']"
370,receive,acl,restriction,"['to', 'maximum']","['to', 'receive', 'a', 'maximum']","['S', 'VP', 'VP', 'VP', 'SBAR', 'S', 'NP', 'NN']"
371,a,det,maximum,[],['a'],"['S', 'VP', 'VP', 'VP', 'SBAR', 'S', 'NP', 'S', 'VP', 'TO']"
372,maximum,dobj,receive,['a'],"['a', 'maximum']","['S', 'VP', 'VP', 'VP', 'SBAR', 'S', 'NP', 'S', 'VP', 'VP', 'VB']"
373,of,quantmod,four,[],['of'],"['S', 'VP', 'VP', 'VP', 'SBAR', 'S', 'NP', 'S', 'VP', 'VP', 'NP', 'NP', 'DT']"
374,four,nummod,people,['of'],"['of', 'four']","['S', 'VP', 'VP', 'VP', 'SBAR', 'S', 'NP', 'S', 'VP', 'VP', 'NP', 'NP', 'NN']"
375,people,nsubjpass,lifted,"['four', 'at']","['of', 'four', 'people', 'at', 'home']","['S', 'VP', 'VP', 'VP', 'SBAR', 'S', 'NP', 'S', 'VP', 'VP', 'NP', 'PP', 'IN']"
376,at,prep,people,['home'],"['at', 'home']","['S', 'VP', 'VP', 'VP', 'SBAR', 'S', 'NP', 'S', 'VP', 'VP', 'NP', 'PP', 'NP', 'CD']"
377,home,pobj,at,[],['home'],"['S', 'VP', 'VP', 'VP', 'SBAR', 'S', 'NP', 'S', 'VP', 'VP', 'NP', 'PP', 'NP', 'NNS']"
378,will,aux,lifted,[],['will'],"['S', 'VP', 'VP', 'VP', 'SBAR', 'S', 'NP', 'S', 'VP', 'VP', 'PP', 'IN']"
379,be,auxpass,lifted,[],['be'],"['S', 'VP', 'VP', 'VP', 'SBAR', 'S', 'NP', 'S', 'VP', 'VP', 'PP', 'NP', 'NN']"
380,lifted,ccomp,announced,"['that', 'restriction', 'people', 'will', 'be']","['that', 'the', 'restriction', 'to', 'receive', 'a', 'maximum', 'of', 'four', 'people', 'at', 'home', 'will', 'be', 'lifted']","['S', 'VP', 'VP', 'VP', 'SBAR', 'S', 'VP', 'MD']"
381,.,punct,announced,[],['.'],"['S', 'VP', 'VP', 'VP', 'SBAR', 'S', 'VP', 'VP', 'VB']"
383,The,det,Cabinet,[],['The'],"['S', 'VP', 'VP', 'VP', 'SBAR', 'S', 'VP', 'VP', 'VP', 'VBN']"
384,Cabinet,nsubj,is,['The'],"['The', 'Cabinet']","['S', '.']"
385,is,ROOT,is,"['\n', 'Cabinet', 'optimistic', '.']","['\n', 'The', 'Cabinet', 'is', '""', 'cautiously', 'optimistic', '""', 'about', 'hospital', 'admissions', '.']","['S', 'NP', 'DT']"
386,"""",punct,optimistic,[],"['""']","['S', 'NP', 'NNP']"
387,cautiously,advmod,optimistic,[],['cautiously'],"['S', 'VP', 'VBZ']"
388,optimistic,acomp,is,"['""', 'cautiously', '""', 'about']","['""', 'cautiously', 'optimistic', '""', 'about', 'hospital', 'admissions']","['S', 'VP', 'ADVP', '``']"
389,"""",punct,optimistic,[],"['""']","['S', 'VP', 'ADJP', 'ADJP', 'RB']"
390,about,prep,optimistic,['admissions'],"['about', 'hospital', 'admissions']","['S', 'VP', 'ADJP', 'ADJP', 'JJ']"
391,hospital,compound,admissions,[],['hospital'],"['S', 'VP', 'ADJP', ""''""]"
392,admissions,pobj,about,['hospital'],"['hospital', 'admissions']","['S', 'VP', 'ADJP', 'PP', 'IN']"
393,.,punct,is,[],['.'],"['S', 'VP', 'ADJP', 'PP', 'NP', 'NN']"
395,These,nsubj,increased,[],['These'],"['S', 'VP', 'ADJP', 'PP', 'NP', 'NNS']"
396,have,aux,increased,[],['have'],"['S', '.']"
397,increased,ROOT,increased,"['\n', 'These', 'have', 'over', ',', 'but', 'at', '.']","['\n', 'These', 'have', 'increased', 'over', 'the', 'last', 'five', 'weeks', ',', 'but', 'at', 'a', 'much', 'lower', 'rate', 'compared', 'to', 'the', 'enormous', 'numbers', 'of', 'positive', 'infections', 'linked', 'to', 'the', 'Omicron', 'virus', '.']","['S', 'S', 'NP', 'DT']"
398,over,prep,increased,['weeks'],"['over', 'the', 'last', 'five', 'weeks']","['S', 'S', 'VP', 'VBP']"
399,the,det,weeks,[],['the'],"['S', 'S', 'VP', 'VP', 'VBN']"
400,last,amod,weeks,[],['last'],"['S', 'S', 'VP', 'VP', 'PP', 'IN']"
401,five,nummod,weeks,[],['five'],"['S', 'S', 'VP', 'VP', 'PP', 'NP', 'DT']"
402,weeks,pobj,over,"['the', 'last', 'five']","['the', 'last', 'five', 'weeks']","['S', 'S', 'VP', 'VP', 'PP', 'NP', 'JJ']"
403,",",punct,increased,[],"[',']","['S', 'S', 'VP', 'VP', 'PP', 'NP', 'CD']"
404,but,cc,increased,[],['but'],"['S', 'S', 'VP', 'VP', 'PP', 'NP', 'NNS']"
405,at,conj,increased,['rate'],"['at', 'a', 'much', 'lower', 'rate', 'compared', 'to', 'the', 'enormous', 'numbers', 'of', 'positive', 'infections', 'linked', 'to', 'the', 'Omicron', 'virus']","['S', ',']"
406,a,det,rate,[],['a'],"['S', 'CC']"
407,much,advmod,lower,[],['much'],"['S', 'S', 'PP', 'IN']"
408,lower,amod,rate,['much'],"['much', 'lower']","['S', 'S', 'PP', 'NP', 'DT']"
409,rate,pobj,at,"['a', 'lower', 'compared']","['a', 'much', 'lower', 'rate', 'compared', 'to', 'the', 'enormous', 'numbers', 'of', 'positive', 'infections', 'linked', 'to', 'the', 'Omicron', 'virus']","['S', 'S', 'PP', 'NP', 'ADJP', 'RB']"
410,compared,prep,rate,['to'],"['compared', 'to', 'the', 'enormous', 'numbers', 'of', 'positive', 'infections', 'linked', 'to', 'the', 'Omicron', 'virus']","['S', 'S', 'PP', 'NP', 'ADJP', 'JJR']"
411,to,prep,compared,['numbers'],"['to', 'the', 'enormous', 'numbers', 'of', 'positive', 'infections', 'linked', 'to', 'the', 'Omicron', 'virus']","['S', 'S', 'PP', 'NP', 'NN']"
412,the,det,numbers,[],['the'],"['S', 'S', 'PP', 'VBN']"
413,enormous,amod,numbers,[],['enormous'],"['S', 'S', 'PP', 'PP', 'IN']"
414,numbers,pobj,to,"['the', 'enormous', 'of']","['the', 'enormous', 'numbers', 'of', 'positive', 'infections', 'linked', 'to', 'the', 'Omicron', 'virus']","['S', 'S', 'PP', 'PP', 'NP', 'NP', 'DT']"
415,of,prep,numbers,['infections'],"['of', 'positive', 'infections', 'linked', 'to', 'the', 'Omicron', 'virus']","['S', 'S', 'PP', 'PP', 'NP', 'NP', 'JJ']"
416,positive,amod,infections,[],['positive'],"['S', 'S', 'PP', 'PP', 'NP', 'NP', 'NNS']"
417,infections,pobj,of,"['positive', 'linked']","['positive', 'infections', 'linked', 'to', 'the', 'Omicron', 'virus']","['S', 'S', 'PP', 'PP', 'NP', 'PP', 'IN']"
418,linked,acl,infections,['to'],"['linked', 'to', 'the', 'Omicron', 'virus']","['S', 'S', 'PP', 'PP', 'NP', 'PP', 'NP', 'NP', 'JJ']"
419,to,prep,linked,['virus'],"['to', 'the', 'Omicron', 'virus']","['S', 'S', 'PP', 'PP', 'NP', 'PP', 'NP', 'NP', 'NNS']"
420,the,det,virus,[],['the'],"['S', 'S', 'PP', 'PP', 'NP', 'PP', 'NP', 'VP', 'VBN']"
421,Omicron,compound,virus,[],['Omicron'],"['S', 'S', 'PP', 'PP', 'NP', 'PP', 'NP', 'VP', 'PP', 'IN']"
422,virus,pobj,to,"['the', 'Omicron']","['the', 'Omicron', 'virus']","['S', 'S', 'PP', 'PP', 'NP', 'PP', 'NP', 'VP', 'PP', 'NP', 'DT']"
423,.,punct,increased,[],['.'],"['S', 'S', 'PP', 'PP', 'NP', 'PP', 'NP', 'VP', 'PP', 'NP', 'NNP']"
425,"""",punct,is,[],"['""']","['S', 'S', 'PP', 'PP', 'NP', 'PP', 'NP', 'VP', 'PP', 'NP', 'NN']"
426,The,det,number,[],['The'],"['S', '.']"
427,number,nsubj,is,"['The', 'of']","['The', 'number', 'of', 'infections']","['S', 'SBAR', '``']"
428,of,prep,number,['infections'],"['of', 'infections']","['S', 'SBAR', 'S', 'NP', 'NP', 'DT']"
429,infections,pobj,of,[],['infections'],"['S', 'SBAR', 'S', 'NP', 'NP', 'NN']"
430,is,ccomp,said,"['""', 'number', 'high', ',', 'but', 'is']","['""', 'The', 'number', 'of', 'infections', 'is', 'very', 'high', ',', 'but', 'fortunately', 'the', 'pressure', 'on', 'healthcare', 'is', 'not', 'too', 'bad']","['S', 'SBAR', 'S', 'NP', 'PP', 'IN']"
431,very,advmod,high,[],['very'],"['S', 'SBAR', 'S', 'NP', 'PP', 'NP', 'NNS']"
432,high,acomp,is,['very'],"['very', 'high']","['S', 'SBAR', 'S', 'VP', 'VBZ']"
433,",",punct,is,[],"[',']","['S', 'SBAR', 'S', 'VP', 'ADJP', 'RB']"
434,but,cc,is,[],['but'],"['S', 'SBAR', 'S', 'VP', 'ADJP', 'JJ']"
435,fortunately,advmod,is,[],['fortunately'],"['S', ',']"
436,the,det,pressure,[],['the'],"['S', 'CC']"
437,pressure,nsubj,is,"['the', 'on']","['the', 'pressure', 'on', 'healthcare']","['S', 'ADVP', 'RB']"
438,on,prep,pressure,['healthcare'],"['on', 'healthcare']","['S', 'S', 'NP', 'NP', 'DT']"
439,healthcare,pobj,on,[],['healthcare'],"['S', 'S', 'NP', 'NP', 'NN']"
440,is,conj,is,"['fortunately', 'pressure', 'not', 'bad']","['fortunately', 'the', 'pressure', 'on', 'healthcare', 'is', 'not', 'too', 'bad']","['S', 'S', 'NP', 'PP', 'IN']"
441,not,neg,is,[],['not'],"['S', 'S', 'NP', 'PP', 'NP', 'NN']"
442,too,advmod,bad,[],['too'],"['S', 'S', 'VP', 'VBZ']"
443,bad,acomp,is,['too'],"['too', 'bad']","['S', 'S', 'VP', 'RB']"
444,",",punct,said,[],"[',']","['S', 'S', 'VP', 'ADJP', 'RB']"
445,"""",punct,said,[],"['""']","['S', 'S', 'VP', 'ADJP', 'JJ']"
446,said,ROOT,said,"['is', ',', '""', 'Kuipers', 'on', '.']","['""', 'The', 'number', 'of', 'infections', 'is', 'very', 'high', ',', 'but', 'fortunately', 'the', 'pressure', 'on', 'healthcare', 'is', 'not', 'too', 'bad', ',', '""', 'said', 'Health', 'Minister', 'Ernst', 'Kuipers', 'on', 'Wednesday', '.']","['S', ',']"
447,Health,compound,Minister,[],['Health'],"['S', ""''""]"
448,Minister,compound,Kuipers,['Health'],"['Health', 'Minister']","['S', 'SINV', 'VP', 'VBD']"
449,Ernst,compound,Kuipers,[],['Ernst'],"['S', 'SINV', 'NP', 'NML', 'NNP']"
450,Kuipers,nsubj,said,"['Minister', 'Ernst']","['Health', 'Minister', 'Ernst', 'Kuipers']","['S', 'SINV', 'NP', 'NML', 'NNP']"
451,on,prep,said,['Wednesday'],"['on', 'Wednesday']","['S', 'SINV', 'NP', 'NNP']"
452,Wednesday,pobj,on,[],['Wednesday'],"['S', 'SINV', 'NP', 'NNP']"
453,.,punct,said,[],['.'],"['S', 'SINV', 'PP', 'IN']"
455,Cabinet,compound,members,[],['Cabinet'],"['S', 'SINV', 'PP', 'NP', 'NNP']"
456,members,nsubj,want,['Cabinet'],"['Cabinet', 'members']","['S', '.']"
457,did,aux,want,[],['did'],"['S', 'NP', 'NN']"
458,not,neg,want,[],['not'],"['S', 'NP', 'NNS']"
459,want,ROOT,want,"['\n', 'members', 'did', 'not', 'anticipate', '.']","['\n', 'Cabinet', 'members', 'did', 'not', 'want', 'to', 'publicly', 'anticipate', 'any', 'relaxations', '.']","['S', 'VP', 'VBD']"
460,to,aux,anticipate,[],['to'],"['S', 'VP', 'RB']"
461,publicly,advmod,anticipate,[],['publicly'],"['S', 'VP', 'VP', 'VB']"
462,anticipate,xcomp,want,"['to', 'publicly', 'relaxations']","['to', 'publicly', 'anticipate', 'any', 'relaxations']","['S', 'VP', 'VP', 'S', 'VP', 'TO']"
463,any,det,relaxations,[],['any'],"['S', 'VP', 'VP', 'S', 'VP', 'ADVP', 'RB']"
464,relaxations,dobj,anticipate,['any'],"['any', 'relaxations']","['S', 'VP', 'VP', 'S', 'VP', 'VP', 'VB']"
465,.,punct,want,[],['.'],"['S', 'VP', 'VP', 'S', 'VP', 'VP', 'NP', 'DT']"
467,Prime,compound,Minister,[],['Prime'],"['S', 'VP', 'VP', 'S', 'VP', 'VP', 'NP', 'NNS']"
468,Minister,compound,Rutte,['Prime'],"['Prime', 'Minister']","['S', '.']"
469,Mark,compound,Rutte,[],['Mark'],"['S', 'NP', 'NML', 'NNP']"
470,Rutte,nsubj,said,"['Minister', 'Mark']","['Prime', 'Minister', 'Mark', 'Rutte']","['S', 'NP', 'NML', 'NNP']"
471,said,ROOT,said,"['\n', 'Rutte', 'on', 'is', '.']","['\n', 'Prime', 'Minister', 'Mark', 'Rutte', 'said', 'on', 'Wednesday', 'that', 'the', 'chance', 'is', '""', 'really', 'high', '""', 'that', 'loosening', 'up', 'restrictions', 'will', 'be', 'possible', '.']","['S', 'NP', 'NNP']"
472,on,prep,said,['Wednesday'],"['on', 'Wednesday']","['S', 'NP', 'NNP']"
473,Wednesday,pobj,on,[],['Wednesday'],"['S', 'VP', 'VBD']"
474,that,mark,is,[],['that'],"['S', 'VP', 'PP', 'IN']"
475,the,det,chance,[],['the'],"['S', 'VP', 'PP', 'NP', 'NNP']"
476,chance,nsubj,is,['the'],"['the', 'chance']","['S', 'VP', 'SBAR', 'IN']"
477,is,ccomp,said,"['that', 'chance', '""', 'high', 'be']","['that', 'the', 'chance', 'is', '""', 'really', 'high', '""', 'that', 'loosening', 'up', 'restrictions', 'will', 'be', 'possible']","['S', 'VP', 'SBAR', 'S', 'NP', 'DT']"
478,"""",punct,is,[],"['""']","['S', 'VP', 'SBAR', 'S', 'NP', 'NN']"
479,really,advmod,high,[],['really'],"['S', 'VP', 'SBAR', 'S', 'VP', 'VBZ']"
480,high,acomp,is,"['really', '""']","['really', 'high', '""']","['S', 'VP', 'SBAR', 'S', 'VP', 'ADVP', '``']"
481,"""",punct,high,[],"['""']","['S', 'VP', 'SBAR', 'S', 'VP', 'ADJP', 'ADJP', 'RB']"
482,that,nsubj,be,[],['that'],"['S', 'VP', 'SBAR', 'S', 'VP', 'ADJP', 'ADJP', 'JJ']"
483,loosening,csubj,be,"['up', 'restrictions']","['loosening', 'up', 'restrictions']","['S', 'VP', 'SBAR', 'S', 'VP', 'ADJP', ""''""]"
484,up,prt,loosening,[],['up'],"['S', 'VP', 'SBAR', 'S', 'VP', 'ADJP', 'SBAR', 'IN']"
485,restrictions,dobj,loosening,[],['restrictions'],"['S', 'VP', 'SBAR', 'S', 'VP', 'ADJP', 'SBAR', 'S', 'S', 'VP', 'VBG']"
486,will,aux,be,[],['will'],"['S', 'VP', 'SBAR', 'S', 'VP', 'ADJP', 'SBAR', 'S', 'S', 'VP', 'PRT', 'RP']"
487,be,ccomp,is,"['that', 'loosening', 'will', 'possible']","['that', 'loosening', 'up', 'restrictions', 'will', 'be', 'possible']","['S', 'VP', 'SBAR', 'S', 'VP', 'ADJP', 'SBAR', 'S', 'S', 'VP', 'NP', 'NNS']"
488,possible,acomp,be,[],['possible'],"['S', 'VP', 'SBAR', 'S', 'VP', 'ADJP', 'SBAR', 'S', 'VP', 'MD']"
489,.,punct,said,[],['.'],"['S', 'VP', 'SBAR', 'S', 'VP', 'ADJP', 'SBAR', 'S', 'VP', 'VP', 'VB']"
491,Cabinet,compound,ministers,[],['Cabinet'],"['S', 'VP', 'SBAR', 'S', 'VP', 'ADJP', 'SBAR', 'S', 'VP', 'VP', 'ADJP', 'JJ']"
492,ministers,nsubj,met,['Cabinet'],"['Cabinet', 'ministers']","['S', '.']"
493,met,ROOT,met,"['\n', 'ministers', 'for', 'on', ',', 'and', 'meet']","['\n', 'Cabinet', 'ministers', 'met', 'for', 'an', 'extra', 'meeting', 'about', 'the', 'coronavirus', 'policy', 'on', 'Wednesday', 'morning', ',', 'and', 'the', 'OMT', 'will', 'meet', 'again', 'to', 'discuss', 'the', 'issue', 'on', 'Friday', '.']","['S', 'S', 'NP', 'NN']"
494,for,prep,met,['meeting'],"['for', 'an', 'extra', 'meeting', 'about', 'the', 'coronavirus', 'policy']","['S', 'S', 'NP', 'NNS']"
495,an,det,meeting,[],['an'],"['S', 'S', 'VP', 'VBD']"
496,extra,amod,meeting,[],['extra'],"['S', 'S', 'VP', 'PP', 'IN']"
497,meeting,pobj,for,"['an', 'extra', 'about']","['an', 'extra', 'meeting', 'about', 'the', 'coronavirus', 'policy']","['S', 'S', 'VP', 'PP', 'NP', 'NP', 'DT']"
498,about,prep,meeting,['policy'],"['about', 'the', 'coronavirus', 'policy']","['S', 'S', 'VP', 'PP', 'NP', 'NP', 'JJ']"
499,the,det,policy,[],['the'],"['S', 'S', 'VP', 'PP', 'NP', 'NP', 'NN']"
500,coronavirus,compound,policy,[],['coronavirus'],"['S', 'S', 'VP', 'PP', 'NP', 'PP', 'IN']"
501,policy,pobj,about,"['the', 'coronavirus']","['the', 'coronavirus', 'policy']","['S', 'S', 'VP', 'PP', 'NP', 'PP', 'NP', 'DT']"
502,on,prep,met,['morning'],"['on', 'Wednesday', 'morning']","['S', 'S', 'VP', 'PP', 'NP', 'PP', 'NP', 'NN']"
503,Wednesday,compound,morning,[],['Wednesday'],"['S', 'S', 'VP', 'PP', 'NP', 'PP', 'NP', 'NN']"
504,morning,pobj,on,['Wednesday'],"['Wednesday', 'morning']","['S', 'S', 'VP', 'PP', 'NP', 'PP', 'IN']"
505,",",punct,met,[],"[',']","['S', 'S', 'VP', 'PP', 'NP', 'PP', 'NP', 'NNP']"
506,and,cc,met,[],['and'],"['S', 'S', 'VP', 'PP', 'NP', 'PP', 'NP', 'NN']"
507,the,det,OMT,[],['the'],"['S', ',']"
508,OMT,nsubj,meet,['the'],"['the', 'OMT']","['S', 'CC']"
509,will,aux,meet,[],['will'],"['S', 'S', 'NP', 'DT']"
510,meet,conj,met,"['OMT', 'will', 'again', 'discuss', '.']","['the', 'OMT', 'will', 'meet', 'again', 'to', 'discuss', 'the', 'issue', 'on', 'Friday', '.']","['S', 'S', 'NP', 'NNP']"
511,again,advmod,meet,[],['again'],"['S', 'S', 'VP', 'MD']"
512,to,aux,discuss,[],['to'],"['S', 'S', 'VP', 'VP', 'VB']"
513,discuss,advcl,meet,"['to', 'issue', 'on']","['to', 'discuss', 'the', 'issue', 'on', 'Friday']","['S', 'S', 'VP', 'VP', 'ADVP', 'RB']"
514,the,det,issue,[],['the'],"['S', 'S', 'VP', 'VP', 'S', 'VP', 'TO']"
515,issue,dobj,discuss,['the'],"['the', 'issue']","['S', 'S', 'VP', 'VP', 'S', 'VP', 'VP', 'VB']"
516,on,prep,discuss,['Friday'],"['on', 'Friday']","['S', 'S', 'VP', 'VP', 'S', 'VP', 'VP', 'NP', 'DT']"
517,Friday,pobj,on,[],['Friday'],"['S', 'S', 'VP', 'VP', 'S', 'VP', 'VP', 'NP', 'NN']"
518,.,punct,meet,[],['.'],"['S', 'S', 'VP', 'VP', 'S', 'VP', 'VP', 'PP', 'IN']"
520,Rutte,nsubj,said,[],['Rutte'],"['S', 'S', 'VP', 'VP', 'S', 'VP', 'VP', 'PP', 'NP', 'NNP']"
521,said,ccomp,said,"['\n', 'Rutte', 'inform']","['\n', 'Rutte', 'said', 'the', 'Cabinet', 'could', 'inform', 'the', 'Tweede', 'Kamer', 'about', 'what', 'it', ""'s"", 'considering', 'even', 'before', 'the', 'weekend', ',', '""', 'a', 'sort', 'of', ""'"", 'what', 'could', 'be', ""'"", 'package', '""', 'of', 'measures']","['S', '.']"
522,the,det,Cabinet,[],['the'],"['S', 'S', 'NP', 'NNP']"
523,Cabinet,nsubj,inform,['the'],"['the', 'Cabinet']","['S', 'S', 'VP', 'VBD']"
524,could,aux,inform,[],['could'],"['S', 'S', 'VP', 'SBAR', 'S', 'NP', 'DT']"
525,inform,ccomp,said,"['Cabinet', 'could', 'Kamer', 'about', ',', 'sort']","['the', 'Cabinet', 'could', 'inform', 'the', 'Tweede', 'Kamer', 'about', 'what', 'it', ""'s"", 'considering', 'even', 'before', 'the', 'weekend', ',', '""', 'a', 'sort', 'of', ""'"", 'what', 'could', 'be', ""'"", 'package', '""', 'of', 'measures']","['S', 'S', 'VP', 'SBAR', 'S', 'NP', 'NNP']"
526,the,det,Kamer,[],['the'],"['S', 'S', 'VP', 'SBAR', 'S', 'VP', 'MD']"
527,Tweede,compound,Kamer,[],['Tweede'],"['S', 'S', 'VP', 'SBAR', 'S', 'VP', 'VP', 'VB']"
528,Kamer,dobj,inform,"['the', 'Tweede']","['the', 'Tweede', 'Kamer']","['S', 'S', 'VP', 'SBAR', 'S', 'VP', 'VP', 'NP', 'DT']"
529,about,prep,inform,['considering'],"['about', 'what', 'it', ""'s"", 'considering', 'even', 'before', 'the', 'weekend']","['S', 'S', 'VP', 'SBAR', 'S', 'VP', 'VP', 'NP', 'NNP']"
530,what,dobj,considering,[],['what'],"['S', 'S', 'VP', 'SBAR', 'S', 'VP', 'VP', 'NP', 'NNP']"
531,it,nsubj,considering,[],['it'],"['S', 'S', 'VP', 'SBAR', 'S', 'VP', 'VP', 'PP', 'IN']"
532,'s,aux,considering,[],"[""'s""]","['S', 'S', 'VP', 'SBAR', 'S', 'VP', 'VP', 'PP', 'SBAR', 'WHNP', 'WP']"
533,considering,pcomp,about,"['what', 'it', ""'s"", 'before']","['what', 'it', ""'s"", 'considering', 'even', 'before', 'the', 'weekend']","['S', 'S', 'VP', 'SBAR', 'S', 'VP', 'VP', 'PP', 'SBAR', 'S', 'NP', 'PRP']"
534,even,advmod,before,[],['even'],"['S', 'S', 'VP', 'SBAR', 'S', 'VP', 'VP', 'PP', 'SBAR', 'S', 'VP', 'VBZ']"
535,before,prep,considering,"['even', 'weekend']","['even', 'before', 'the', 'weekend']","['S', 'S', 'VP', 'SBAR', 'S', 'VP', 'VP', 'PP', 'SBAR', 'S', 'VP', 'VP', 'VBG']"
536,the,det,weekend,[],['the'],"['S', 'S', 'VP', 'SBAR', 'S', 'VP', 'VP', 'PP', 'SBAR', 'S', 'VP', 'VP', 'PP', 'ADVP', 'RB']"
537,weekend,pobj,before,['the'],"['the', 'weekend']","['S', 'S', 'VP', 'SBAR', 'S', 'VP', 'VP', 'PP', 'SBAR', 'S', 'VP', 'VP', 'PP', 'IN']"
538,",",punct,inform,[],"[',']","['S', 'S', 'VP', 'SBAR', 'S', 'VP', 'VP', 'PP', 'SBAR', 'S', 'VP', 'VP', 'PP', 'NP', 'DT']"
539,"""",punct,sort,[],"['""']","['S', 'S', 'VP', 'SBAR', 'S', 'VP', 'VP', 'PP', 'SBAR', 'S', 'VP', 'VP', 'PP', 'NP', 'NN']"
540,a,det,sort,[],['a'],"['S', 'S', 'VP', 'SBAR', 'S', 'VP', 'VP', ',']"
541,sort,dobj,inform,"['""', 'a', 'of']","['""', 'a', 'sort', 'of', ""'"", 'what', 'could', 'be', ""'"", 'package', '""', 'of', 'measures']","['S', 'S', 'VP', 'SBAR', 'S', 'VP', 'VP', 'PP', '``']"
542,of,prep,sort,"[""'"", 'be']","['of', ""'"", 'what', 'could', 'be', ""'"", 'package', '""', 'of', 'measures']","['S', 'S', 'VP', 'SBAR', 'S', 'VP', 'VP', 'PP', 'NP', 'NP', 'NP', 'DT']"
543,',punct,of,[],"[""'""]","['S', 'S', 'VP', 'SBAR', 'S', 'VP', 'VP', 'PP', 'NP', 'NP', 'NP', 'NN']"
544,what,nsubj,be,[],['what'],"['S', 'S', 'VP', 'SBAR', 'S', 'VP', 'VP', 'PP', 'NP', 'NP', 'PP', 'IN']"
545,could,aux,be,[],['could'],"['S', 'S', 'VP', 'SBAR', 'S', 'VP', 'VP', 'PP', 'NP', 'NP', 'PP', 'NP', '``']"
546,be,pcomp,of,"['what', 'could', 'package']","['what', 'could', 'be', ""'"", 'package', '""', 'of', 'measures']","['S', 'S', 'VP', 'SBAR', 'S', 'VP', 'VP', 'PP', 'NP', 'SBAR', 'WHNP', 'WP']"
547,',punct,package,[],"[""'""]","['S', 'S', 'VP', 'SBAR', 'S', 'VP', 'VP', 'PP', 'NP', 'SBAR', 'S', 'VP', 'MD']"
548,package,attr,be,"[""'"", '""', 'of']","[""'"", 'package', '""', 'of', 'measures']","['S', 'S', 'VP', 'SBAR', 'S', 'VP', 'VP', 'PP', 'NP', 'SBAR', 'S', 'VP', 'VP', 'VB']"
549,"""",punct,package,[],"['""']","['S', 'S', 'VP', 'SBAR', 'S', 'VP', 'VP', 'PP', 'NP', 'SBAR', 'S', 'VP', 'VP', '``']"
550,of,prep,package,['measures'],"['of', 'measures']","['S', 'S', 'VP', 'SBAR', 'S', 'VP', 'VP', 'PP', 'NP', 'SBAR', 'S', 'VP', 'VP', 'NP', 'NP', 'NN']"
551,measures,pobj,of,[],['measures'],"['S', 'S', 'VP', 'SBAR', 'S', 'VP', 'VP', 'PP', 'NP', 'SBAR', 'S', 'VP', 'VP', 'NP', 'PP', ""''""]"
552,",",punct,said,[],"[',']","['S', 'S', 'VP', 'SBAR', 'S', 'VP', 'VP', 'PP', 'NP', 'SBAR', 'S', 'VP', 'VP', 'NP', 'PP', 'PP', 'IN']"
553,he,nsubj,said,[],['he'],"['S', 'S', 'VP', 'SBAR', 'S', 'VP', 'VP', 'PP', 'NP', 'SBAR', 'S', 'VP', 'VP', 'NP', 'PP', 'PP', 'NP', 'NNS']"
554,said,ROOT,said,"['said', ',', 'he', '.']","['\n', 'Rutte', 'said', 'the', 'Cabinet', 'could', 'inform', 'the', 'Tweede', 'Kamer', 'about', 'what', 'it', ""'s"", 'considering', 'even', 'before', 'the', 'weekend', ',', '""', 'a', 'sort', 'of', ""'"", 'what', 'could', 'be', ""'"", 'package', '""', 'of', 'measures', ',', 'he', 'said', '.']","['S', ',']"
555,.,punct,said,[],['.'],"['S', 'NP', 'PRP']"
557,In,prep,have,['addition'],"['In', 'addition']","['S', 'VP', 'VBD']"
558,addition,pobj,In,[],['addition'],"['S', '.']"
559,",",punct,have,[],"[',']","['S', 'PP', 'IN']"
560,the,det,Cabinet,[],['the'],"['S', 'PP', 'NP', 'NN']"
561,Cabinet,nsubj,have,['the'],"['the', 'Cabinet']","['S', ',']"
562,will,aux,have,[],['will'],"['S', 'NP', 'DT']"
563,have,ROOT,have,"['\n', 'In', ',', 'Cabinet', 'will', 'make', ',', 'sees', '.']","['\n', 'In', 'addition', ',', 'the', 'Cabinet', 'will', 'have', 'to', 'make', 'it', 'clear', 'that', 'all', 'these', 'relaxations', 'may', 'not', 'be', 'implemented', ',', 'particularly', 'if', 'the', 'OMT', 'sees', 'a', 'problem', 'with', 'the', 'proposal', '.']","['S', 'NP', 'NNP']"
564,to,aux,make,[],['to'],"['S', 'VP', 'MD']"
565,make,xcomp,have,"['to', 'clear']","['to', 'make', 'it', 'clear', 'that', 'all', 'these', 'relaxations', 'may', 'not', 'be', 'implemented']","['S', 'VP', 'VP', 'VB']"
566,it,nsubj,clear,[],['it'],"['S', 'VP', 'VP', 'S', 'VP', 'TO']"
567,clear,ccomp,make,"['it', 'implemented']","['it', 'clear', 'that', 'all', 'these', 'relaxations', 'may', 'not', 'be', 'implemented']","['S', 'VP', 'VP', 'S', 'VP', 'VP', 'VB']"
568,that,mark,implemented,[],['that'],"['S', 'VP', 'VP', 'S', 'VP', 'VP', 'S', 'NP', 'NP', 'PRP']"
569,all,predet,relaxations,[],['all'],"['S', 'VP', 'VP', 'S', 'VP', 'VP', 'S', 'ADJP', 'JJ']"
570,these,det,relaxations,[],['these'],"['S', 'VP', 'VP', 'S', 'VP', 'VP', 'S', 'SBAR', 'IN']"
571,relaxations,nsubjpass,implemented,"['all', 'these']","['all', 'these', 'relaxations']","['S', 'VP', 'VP', 'S', 'VP', 'VP', 'S', 'SBAR', 'S', 'NP', 'PDT']"
572,may,aux,implemented,[],['may'],"['S', 'VP', 'VP', 'S', 'VP', 'VP', 'S', 'SBAR', 'S', 'NP', 'DT']"
573,not,neg,implemented,[],['not'],"['S', 'VP', 'VP', 'S', 'VP', 'VP', 'S', 'SBAR', 'S', 'NP', 'NNS']"
574,be,auxpass,implemented,[],['be'],"['S', 'VP', 'VP', 'S', 'VP', 'VP', 'S', 'SBAR', 'S', 'VP', 'MD']"
575,implemented,advcl,clear,"['that', 'relaxations', 'may', 'not', 'be']","['that', 'all', 'these', 'relaxations', 'may', 'not', 'be', 'implemented']","['S', 'VP', 'VP', 'S', 'VP', 'VP', 'S', 'SBAR', 'S', 'VP', 'RB']"
576,",",punct,have,[],"[',']","['S', 'VP', 'VP', 'S', 'VP', 'VP', 'S', 'SBAR', 'S', 'VP', 'VP', 'VB']"
577,particularly,advmod,sees,[],['particularly'],"['S', 'VP', 'VP', 'S', 'VP', 'VP', 'S', 'SBAR', 'S', 'VP', 'VP', 'VP', 'VBN']"
578,if,mark,sees,[],['if'],"['S', 'VP', 'VP', ',']"
579,the,det,OMT,[],['the'],"['S', 'VP', 'VP', 'SBAR', 'ADVP', 'RB']"
580,OMT,nsubj,sees,['the'],"['the', 'OMT']","['S', 'VP', 'VP', 'SBAR', 'IN']"
581,sees,advcl,have,"['particularly', 'if', 'OMT', 'problem']","['particularly', 'if', 'the', 'OMT', 'sees', 'a', 'problem', 'with', 'the', 'proposal']","['S', 'VP', 'VP', 'SBAR', 'S', 'NP', 'DT']"
582,a,det,problem,[],['a'],"['S', 'VP', 'VP', 'SBAR', 'S', 'NP', 'NNP']"
583,problem,dobj,sees,"['a', 'with']","['a', 'problem', 'with', 'the', 'proposal']","['S', 'VP', 'VP', 'SBAR', 'S', 'VP', 'VBZ']"
584,with,prep,problem,['proposal'],"['with', 'the', 'proposal']","['S', 'VP', 'VP', 'SBAR', 'S', 'VP', 'NP', 'DT']"
585,the,det,proposal,[],['the'],"['S', 'VP', 'VP', 'SBAR', 'S', 'VP', 'NP', 'NN']"
586,proposal,pobj,with,['the'],"['the', 'proposal']","['S', 'VP', 'VP', 'SBAR', 'S', 'VP', 'PP', 'IN']"
587,.,punct,have,[],['.'],"['S', 'VP', 'VP', 'SBAR', 'S', 'VP', 'PP', 'NP', 'DT']"
589,Anything,nsubj,taken,[],['Anything'],"['S', 'VP', 'VP', 'SBAR', 'S', 'VP', 'PP', 'NP', 'NN']"
590,taken,csubjpass,made,"['Anything', 'off', 'table', 'in']","['Anything', 'taken', 'off', 'the', 'table', 'in', 'the', 'interim']","['S', '.']"
591,off,prt,taken,[],['off'],"['S', 'NP', 'NP', 'NN']"
592,the,det,table,[],['the'],"['S', 'NP', 'VP', 'VBN']"
593,table,dobj,taken,['the'],"['the', 'table']","['S', 'NP', 'VP', 'PRT', 'IN']"
594,in,prep,taken,['interim'],"['in', 'the', 'interim']","['S', 'NP', 'VP', 'NP', 'DT']"
595,the,det,interim,[],['the'],"['S', 'NP', 'VP', 'NP', 'NN']"
596,interim,pobj,in,['the'],"['the', 'interim']","['S', 'NP', 'VP', 'PP', 'IN']"
597,will,aux,made,[],['will'],"['S', 'NP', 'VP', 'PP', 'NP', 'DT']"
598,be,auxpass,made,[],['be'],"['S', 'NP', 'VP', 'PP', 'NP', 'NN']"
599,made,ROOT,made,"['\n', 'taken', 'will', 'be', 'clear', 'on', '.']","['\n', 'Anything', 'taken', 'off', 'the', 'table', 'in', 'the', 'interim', 'will', 'be', 'made', 'clear', 'on', 'Tuesday', '.']","['S', 'VP', 'MD']"
600,clear,oprd,made,[],['clear'],"['S', 'VP', 'VP', 'VB']"
601,on,prep,made,['Tuesday'],"['on', 'Tuesday']","['S', 'VP', 'VP', 'VP', 'VBN']"
602,Tuesday,pobj,on,[],['Tuesday'],"['S', 'VP', 'VP', 'VP', 'S', 'ADJP', 'JJ']"
603,.,punct,made,[],['.'],"['S', 'VP', 'VP', 'VP', 'PP', 'IN']"
605,Far,advmod,reaching,[],['Far'],"['S', 'VP', 'VP', 'VP', 'PP', 'NP', 'NNP']"
606,-,punct,reaching,[],['-'],"['S', '.']"
607,reaching,amod,elimination,"['Far', '-']","['Far', '-', 'reaching']","['S', 'NP', 'NP', 'JJ']"
608,elimination,nsubjpass,announced,"['reaching', 'of']","['Far', '-', 'reaching', 'elimination', 'of', 'restrictions']","['S', 'NP', 'NP', 'NN']"
609,of,prep,elimination,['restrictions'],"['of', 'restrictions']","['S', 'NP', 'PP', 'IN']"
610,restrictions,pobj,of,[],['restrictions'],"['S', 'NP', 'PP', 'NP', 'NNS']"
611,will,aux,announced,[],['will'],"['S', 'VP', 'MD']"
612,also,advmod,announced,[],['also'],"['S', 'VP', 'ADVP', 'RB']"
613,be,auxpass,announced,[],['be'],"['S', 'VP', 'VP', 'VB']"
614,announced,ROOT,announced,"['\n', 'elimination', 'will', 'also', 'be', 'in', '.']","['\n', 'Far', '-', 'reaching', 'elimination', 'of', 'restrictions', 'will', 'also', 'be', 'announced', 'in', 'other', 'European', 'countries', 'in', 'the', 'coming', 'days', '.']","['S', 'VP', 'VP', 'VP', 'VBN']"
615,in,prep,announced,['countries'],"['in', 'other', 'European', 'countries', 'in', 'the', 'coming', 'days']","['S', 'VP', 'VP', 'VP', 'PP', 'IN']"
616,other,amod,countries,[],['other'],"['S', 'VP', 'VP', 'VP', 'PP', 'NP', 'JJ']"
617,European,amod,countries,[],['European'],"['S', 'VP', 'VP', 'VP', 'PP', 'NP', 'JJ']"
618,countries,pobj,in,"['other', 'European', 'in']","['other', 'European', 'countries', 'in', 'the', 'coming', 'days']","['S', 'VP', 'VP', 'VP', 'PP', 'NP', 'NNS']"
619,in,prep,countries,['days'],"['in', 'the', 'coming', 'days']","['S', 'VP', 'VP', 'VP', 'PP', 'IN']"
620,the,det,days,[],['the'],"['S', 'VP', 'VP', 'VP', 'PP', 'NP', 'DT']"
621,coming,amod,days,[],['coming'],"['S', 'VP', 'VP', 'VP', 'PP', 'NP', 'VBG']"
622,days,pobj,in,"['the', 'coming']","['the', 'coming', 'days']","['S', 'VP', 'VP', 'VP', 'PP', 'NP', 'NNS']"
623,.,punct,announced,[],['.'],"['S', '.']"
625,For,prep,expects,['example'],"['For', 'example']","['S', 'PP', 'IN']"
626,example,pobj,For,[],['example'],"['S', 'PP', 'NP', 'NN']"
627,",",punct,expects,[],"[',']","['S', ',']"
628,the,det,minister,[],['the'],"['S', 'NP', 'NP', 'DT']"
629,Belgian,amod,minister,[],['Belgian'],"['S', 'NP', 'NP', 'JJ']"
630,minister,nsubj,expects,"['the', 'Belgian', 'handling', ',', 'Vandenbroucke', ',']","['the', 'Belgian', 'minister', 'handling', 'coronavirus', 'issues', ',', 'Frank', 'Vandenbroucke', ',']","['S', 'NP', 'NP', 'NN']"
631,handling,acl,minister,['issues'],"['handling', 'coronavirus', 'issues']","['S', 'NP', 'VP', 'VBG']"
632,coronavirus,compound,issues,[],['coronavirus'],"['S', 'NP', 'VP', 'NP', 'NP', 'NN']"
633,issues,dobj,handling,['coronavirus'],"['coronavirus', 'issues']","['S', 'NP', 'VP', 'NP', 'NP', 'NNS']"
634,",",punct,minister,[],"[',']","['S', 'NP', 'VP', 'NP', ',']"
635,Frank,compound,Vandenbroucke,[],['Frank'],"['S', 'NP', 'VP', 'NP', 'NP', 'NNP']"
636,Vandenbroucke,appos,minister,['Frank'],"['Frank', 'Vandenbroucke']","['S', 'NP', 'VP', 'NP', 'NP', 'NNP']"
637,",",punct,minister,[],"[',']","['S', 'NP', 'VP', 'NP', ',']"
638,expects,ROOT,expects,"['\n', 'For', ',', 'minister', 'withdrawn', '.']","['\n', 'For', 'example', ',', 'the', 'Belgian', 'minister', 'handling', 'coronavirus', 'issues', ',', 'Frank', 'Vandenbroucke', ',', 'expects', 'that', 'almost', 'all', 'coronavirus', 'measures', 'will', 'be', 'withdrawn', 'in', 'Belgium', 'next', 'Friday', '.']","['S', 'VP', 'VBZ']"
639,that,mark,withdrawn,[],['that'],"['S', 'VP', 'SBAR', 'IN']"
640,almost,advmod,all,[],['almost'],"['S', 'VP', 'SBAR', 'S', 'NP', 'QP', 'RB']"
641,all,nummod,measures,['almost'],"['almost', 'all']","['S', 'VP', 'SBAR', 'S', 'NP', 'QP', 'DT']"
642,coronavirus,compound,measures,[],['coronavirus'],"['S', 'VP', 'SBAR', 'S', 'NP', 'NN']"
643,measures,nsubjpass,withdrawn,"['all', 'coronavirus']","['almost', 'all', 'coronavirus', 'measures']","['S', 'VP', 'SBAR', 'S', 'NP', 'NNS']"
644,will,aux,withdrawn,[],['will'],"['S', 'VP', 'SBAR', 'S', 'VP', 'MD']"
645,be,auxpass,withdrawn,[],['be'],"['S', 'VP', 'SBAR', 'S', 'VP', 'VP', 'VB']"
646,withdrawn,ccomp,expects,"['that', 'measures', 'will', 'be', 'in', 'Friday']","['that', 'almost', 'all', 'coronavirus', 'measures', 'will', 'be', 'withdrawn', 'in', 'Belgium', 'next', 'Friday']","['S', 'VP', 'SBAR', 'S', 'VP', 'VP', 'VP', 'VBN']"
647,in,prep,withdrawn,['Belgium'],"['in', 'Belgium']","['S', 'VP', 'SBAR', 'S', 'VP', 'VP', 'VP', 'PP', 'IN']"
648,Belgium,pobj,in,[],['Belgium'],"['S', 'VP', 'SBAR', 'S', 'VP', 'VP', 'VP', 'PP', 'NP', 'NNP']"
649,next,amod,Friday,[],['next'],"['S', 'VP', 'SBAR', 'S', 'VP', 'VP', 'VP', 'NP', 'JJ']"
650,Friday,npadvmod,withdrawn,['next'],"['next', 'Friday']","['S', 'VP', 'SBAR', 'S', 'VP', 'VP', 'VP', 'NP', 'NNP']"
651,.,punct,expects,[],['.'],"['S', '.']"
