token	dependency	head	dependent	constituent
The	det	Cabinet	[]	['The']
Cabinet	nsubj	hopes	['The']	['The', 'Cabinet']
hopes	ccomp	said	['Cabinet', 'be']	['The', 'Cabinet', 'hopes', 'to', 'be', 'able', 'to', 'abolish', 'most', 'of', 'the', 'remaining', 'corona', 'measures', 'by', 'the', 'beginning', 'of', 'March', ',', 'including', 'the', 'use', 'of', 'face', 'masks', 'and', 'the', '1.5', 'meter', 'social', 'distancing', 'rule']
to	aux	be	[]	['to']
be	xcomp	hopes	['to', 'able']	['to', 'be', 'able', 'to', 'abolish', 'most', 'of', 'the', 'remaining', 'corona', 'measures', 'by', 'the', 'beginning', 'of', 'March', ',', 'including', 'the', 'use', 'of', 'face', 'masks', 'and', 'the', '1.5', 'meter', 'social', 'distancing', 'rule']
able	acomp	be	['abolish']	['able', 'to', 'abolish', 'most', 'of', 'the', 'remaining', 'corona', 'measures', 'by', 'the', 'beginning', 'of', 'March', ',', 'including', 'the', 'use', 'of', 'face', 'masks', 'and', 'the', '1.5', 'meter', 'social', 'distancing', 'rule']
to	aux	abolish	[]	['to']
abolish	xcomp	able	['to', 'most', 'by', ',', 'including']	['to', 'abolish', 'most', 'of', 'the', 'remaining', 'corona', 'measures', 'by', 'the', 'beginning', 'of', 'March', ',', 'including', 'the', 'use', 'of', 'face', 'masks', 'and', 'the', '1.5', 'meter', 'social', 'distancing', 'rule']
most	dobj	abolish	['of']	['most', 'of', 'the', 'remaining', 'corona', 'measures']
of	prep	most	['measures']	['of', 'the', 'remaining', 'corona', 'measures']
the	det	measures	[]	['the']
remaining	amod	measures	[]	['remaining']
corona	compound	measures	[]	['corona']
measures	pobj	of	['the', 'remaining', 'corona']	['the', 'remaining', 'corona', 'measures']
by	prep	abolish	['beginning']	['by', 'the', 'beginning', 'of', 'March']
the	det	beginning	[]	['the']
beginning	pobj	by	['the', 'of']	['the', 'beginning', 'of', 'March']
of	prep	beginning	['March']	['of', 'March']
March	pobj	of	[]	['March']
,	punct	abolish	[]	[',']
including	prep	abolish	['use']	['including', 'the', 'use', 'of', 'face', 'masks', 'and', 'the', '1.5', 'meter', 'social', 'distancing', 'rule']
the	det	use	[]	['the']
use	pobj	including	['the', 'of', 'and', 'rule']	['the', 'use', 'of', 'face', 'masks', 'and', 'the', '1.5', 'meter', 'social', 'distancing', 'rule']
of	prep	use	['masks']	['of', 'face', 'masks']
face	compound	masks	[]	['face']
masks	pobj	of	['face']	['face', 'masks']
and	cc	use	[]	['and']
the	det	rule	[]	['the']
1.5	nummod	meter	[]	['1.5']
meter	nmod	rule	['1.5']	['1.5', 'meter']
social	amod	distancing	[]	['social']
distancing	compound	rule	['social']	['social', 'distancing']
rule	conj	use	['the', 'meter', 'distancing']	['the', '1.5', 'meter', 'social', 'distancing', 'rule']
,	punct	said	[]	[',']
sources	nsubj	said	[]	['sources']
said	ROOT	said	['hopes', ',', 'sources', '.']	['The', 'Cabinet', 'hopes', 'to', 'be', 'able', 'to', 'abolish', 'most', 'of', 'the', 'remaining', 'corona', 'measures', 'by', 'the', 'beginning', 'of', 'March', ',', 'including', 'the', 'use', 'of', 'face', 'masks', 'and', 'the', '1.5', 'meter', 'social', 'distancing', 'rule', ',', 'sources', 'said', '.']
.	punct	said	[]	['.']
Those	nsubj	wanting	[]	['Those']
wanting	csubjpass	required	['Those', 'attend']	['Those', 'wanting', 'to', 'attend', 'large', 'festivals', 'and', 'events']
to	aux	attend	[]	['to']
attend	xcomp	wanting	['to', 'festivals']	['to', 'attend', 'large', 'festivals', 'and', 'events']
large	amod	festivals	[]	['large']
festivals	dobj	attend	['large', 'and', 'events']	['large', 'festivals', 'and', 'events']
and	cc	festivals	[]	['and']
events	conj	festivals	[]	['events']
will	aux	required	[]	['will']
be	auxpass	required	[]	['be']
required	ROOT	required	['wanting', 'will', 'be', 'show', '.']	['Those', 'wanting', 'to', 'attend', 'large', 'festivals', 'and', 'events', 'will', 'be', 'required', 'to', 'show', 'a', 'negative', 'coronavirus', 'test', '.']
to	aux	show	[]	['to']
show	xcomp	required	['to', 'test']	['to', 'show', 'a', 'negative', 'coronavirus', 'test']
a	det	test	[]	['a']
negative	amod	test	[]	['negative']
coronavirus	compound	test	[]	['coronavirus']
test	dobj	show	['a', 'negative', 'coronavirus']	['a', 'negative', 'coronavirus', 'test']
.	punct	required	[]	['.']
The	det	Cabinet	[]	['The']
Cabinet	nsubj	wants	['The']	['The', 'Cabinet']
first	advmod	wants	[]	['first']
wants	ROOT	wants	['Cabinet', 'first', 'hear', 'is', '.']	['The', 'Cabinet', 'first', 'wants', 'to', 'hear', 'from', 'the', 'Outbreak', 'Management', 'Team', '(', 'OMT', ')', 'whether', 'such', 'extensive', 'relaxation', 'of', 'the', 'restrictions', 'in', 'the', 'Netherlands', 'is', 'a', 'responsible', 'course', 'of', 'action', '.']
to	aux	hear	[]	['to']
hear	xcomp	wants	['to', 'from']	['to', 'hear', 'from', 'the', 'Outbreak', 'Management', 'Team', '(', 'OMT', ')']
from	prep	hear	['Team']	['from', 'the', 'Outbreak', 'Management', 'Team', '(', 'OMT', ')']
the	det	Team	[]	['the']
Outbreak	compound	Management	[]	['Outbreak']
Management	compound	Team	['Outbreak']	['Outbreak', 'Management']
Team	pobj	from	['the', 'Management', '(', 'OMT', ')']	['the', 'Outbreak', 'Management', 'Team', '(', 'OMT', ')']
(	punct	Team	[]	['(']
OMT	appos	Team	[]	['OMT']
)	punct	Team	[]	[')']
whether	mark	is	[]	['whether']
such	amod	relaxation	[]	['such']
extensive	amod	relaxation	[]	['extensive']
relaxation	nsubj	is	['such', 'extensive', 'of']	['such', 'extensive', 'relaxation', 'of', 'the', 'restrictions', 'in', 'the', 'Netherlands']
of	prep	relaxation	['restrictions']	['of', 'the', 'restrictions', 'in', 'the', 'Netherlands']
the	det	restrictions	[]	['the']
restrictions	pobj	of	['the', 'in']	['the', 'restrictions', 'in', 'the', 'Netherlands']
in	prep	restrictions	['Netherlands']	['in', 'the', 'Netherlands']
the	det	Netherlands	[]	['the']
Netherlands	pobj	in	['the']	['the', 'Netherlands']
is	ccomp	wants	['whether', 'relaxation', 'course']	['whether', 'such', 'extensive', 'relaxation', 'of', 'the', 'restrictions', 'in', 'the', 'Netherlands', 'is', 'a', 'responsible', 'course', 'of', 'action']
a	det	course	[]	['a']
responsible	amod	course	[]	['responsible']
course	attr	is	['a', 'responsible', 'of']	['a', 'responsible', 'course', 'of', 'action']
of	prep	course	['action']	['of', 'action']
action	pobj	of	[]	['action']
.	punct	wants	[]	['.']
Coronavirus	compound	infections	[]	['Coronavirus']
infections	nsubj	are	['Coronavirus', 'in']	['Coronavirus', 'infections', 'in', 'the', 'country']
in	prep	infections	['country']	['in', 'the', 'country']
the	det	country	[]	['the']
country	pobj	in	['the']	['the', 'country']
are	ROOT	are	['infections', 'currently', 'at', ',', 'and', 'rising']	['Coronavirus', 'infections', 'in', 'the', 'country', 'are', 'currently', 'at', 'an', 'all', '-', 'time', 'high', ',', 'and', 'Covid-19', 'hospitalizations', 'have', 'been', 'rising', 'for', 'five', 'weeks', ',', 'but', 'intensive', 'care', 'admissions', 'have', 'remained', 'near', 'a', '100', '-', 'day', 'low', '.']
currently	advmod	are	[]	['currently']
at	prep	are	['high']	['at', 'an', 'all', '-', 'time', 'high']
an	det	high	[]	['an']
all	det	time	[]	['all']
-	punct	time	[]	['-']
time	npadvmod	high	['all', '-']	['all', '-', 'time']
high	pobj	at	['an', 'time']	['an', 'all', '-', 'time', 'high']
,	punct	are	[]	[',']
and	cc	are	[]	['and']
Covid-19	compound	hospitalizations	[]	['Covid-19']
hospitalizations	nsubj	rising	['Covid-19']	['Covid-19', 'hospitalizations']
have	aux	rising	[]	['have']
been	aux	rising	[]	['been']
rising	conj	are	['hospitalizations', 'have', 'been', 'for', ',', 'but', 'remained', '.']	['Covid-19', 'hospitalizations', 'have', 'been', 'rising', 'for', 'five', 'weeks', ',', 'but', 'intensive', 'care', 'admissions', 'have', 'remained', 'near', 'a', '100', '-', 'day', 'low', '.']
for	prep	rising	['weeks']	['for', 'five', 'weeks']
five	nummod	weeks	[]	['five']
weeks	pobj	for	['five']	['five', 'weeks']
,	punct	rising	[]	[',']
but	cc	rising	[]	['but']
intensive	amod	admissions	[]	['intensive']
care	compound	admissions	[]	['care']
admissions	nsubj	remained	['intensive', 'care']	['intensive', 'care', 'admissions']
have	aux	remained	[]	['have']
remained	conj	rising	['admissions', 'have', 'near']	['intensive', 'care', 'admissions', 'have', 'remained', 'near', 'a', '100', '-', 'day', 'low']
near	prep	remained	['low']	['near', 'a', '100', '-', 'day', 'low']
a	det	low	[]	['a']
100	nummod	day	[]	['100']
-	punct	day	[]	['-']
day	compound	low	['100', '-']	['100', '-', 'day']
low	pobj	near	['a', 'day']	['a', '100', '-', 'day', 'low']
.	punct	rising	[]	['.']
From	prep	be	['February']	['From', 'February', '25']
February	pobj	From	['25']	['February', '25']
25	nummod	February	[]	['25']
,	punct	be	[]	[',']
nightlife	compound	locations	[]	['nightlife']
locations	nsubj	be	['nightlife', ',', 'festivals', 'without']	['nightlife', 'locations', ',', 'festivals', 'and', 'events', 'without', 'fixed', 'seating']
,	punct	locations	[]	[',']
festivals	conj	locations	['and', 'events']	['festivals', 'and', 'events']
and	cc	festivals	[]	['and']
events	conj	festivals	[]	['events']
without	prep	locations	['seating']	['without', 'fixed', 'seating']
fixed	amod	seating	[]	['fixed']
seating	pobj	without	['fixed']	['fixed', 'seating']
may	aux	be	[]	['may']
already	advmod	be	[]	['already']
be	ROOT	be	['From', ',', 'locations', 'may', 'already', 'open', '.']	['From', 'February', '25', ',', 'nightlife', 'locations', ',', 'festivals', 'and', 'events', 'without', 'fixed', 'seating', 'may', 'already', 'be', 'open', 'to', 'people', 'who', 'test', 'negative', 'for', 'the', 'coronavirus', 'infection', '.']
open	acomp	be	['to']	['open', 'to', 'people', 'who', 'test', 'negative', 'for', 'the', 'coronavirus', 'infection']
to	prep	open	['people']	['to', 'people', 'who', 'test', 'negative', 'for', 'the', 'coronavirus', 'infection']
people	pobj	to	['test']	['people', 'who', 'test', 'negative', 'for', 'the', 'coronavirus', 'infection']
who	nsubj	test	[]	['who']
test	relcl	people	['who', 'negative', 'for']	['who', 'test', 'negative', 'for', 'the', 'coronavirus', 'infection']
negative	acomp	test	[]	['negative']
for	prep	test	['infection']	['for', 'the', 'coronavirus', 'infection']
the	det	infection	[]	['the']
coronavirus	compound	infection	[]	['coronavirus']
infection	pobj	for	['the', 'coronavirus']	['the', 'coronavirus', 'infection']
.	punct	be	[]	['.']
These	det	changes	[]	['These']
changes	nsubjpass	expected	['These', 'policy']	['These', 'changes', 'to', 'policy', 'in', 'the', 'Netherlands']
to	aux	policy	[]	['to']
policy	relcl	changes	['to', 'in']	['to', 'policy', 'in', 'the', 'Netherlands']
in	prep	policy	['Netherlands']	['in', 'the', 'Netherlands']
the	det	Netherlands	[]	['the']
Netherlands	pobj	in	['the']	['the', 'Netherlands']
are	auxpass	expected	[]	['are']
expected	ROOT	expected	['changes', 'are', 'announced', '.']	['These', 'changes', 'to', 'policy', 'in', 'the', 'Netherlands', 'are', 'expected', 'to', 'be', 'announced', 'at', 'a', 'press', 'conference', 'on', 'Tuesday', '.']
to	aux	announced	[]	['to']
be	auxpass	announced	[]	['be']
announced	xcomp	expected	['to', 'be', 'at']	['to', 'be', 'announced', 'at', 'a', 'press', 'conference', 'on', 'Tuesday']
at	prep	announced	['conference']	['at', 'a', 'press', 'conference', 'on', 'Tuesday']
a	det	conference	[]	['a']
press	compound	conference	[]	['press']
conference	pobj	at	['a', 'press', 'on']	['a', 'press', 'conference', 'on', 'Tuesday']
on	prep	conference	['Tuesday']	['on', 'Tuesday']
Tuesday	pobj	on	[]	['Tuesday']
.	punct	expected	[]	['.']
This	det	week	[]	['This']
week	npadvmod	said	['This']	['This', 'week']
,	punct	said	[]	[',']
Kuipers	nsubj	said	[]	['Kuipers']
said	ROOT	said	['week', ',', 'Kuipers', 'is', '.']	"['This', 'week', ',', 'Kuipers', 'said', 'the', 'government', ""'s"", 'new', 'focus', 'is', 'to', 'keep', 'society', 'open', ',', 'which', 'was', 'celebrated', 'by', 'the', 'mayors', 'on', 'the', 'Security', 'Council', '.']"
the	det	government	[]	['the']
government	poss	focus	"['the', ""'s""]"	"['the', 'government', ""'s""]"
's	case	government	[]	"[""'s""]"
new	amod	focus	[]	['new']
focus	nsubj	is	['government', 'new']	"['the', 'government', ""'s"", 'new', 'focus']"
is	ccomp	said	['focus', 'keep']	"['the', 'government', ""'s"", 'new', 'focus', 'is', 'to', 'keep', 'society', 'open', ',', 'which', 'was', 'celebrated', 'by', 'the', 'mayors', 'on', 'the', 'Security', 'Council']"
to	aux	keep	[]	['to']
keep	xcomp	is	['to', 'open', 'celebrated']	['to', 'keep', 'society', 'open', ',', 'which', 'was', 'celebrated', 'by', 'the', 'mayors', 'on', 'the', 'Security', 'Council']
society	compound	open	[]	['society']
open	oprd	keep	['society', ',']	['society', 'open', ',']
,	punct	open	[]	[',']
which	nsubjpass	celebrated	[]	['which']
was	auxpass	celebrated	[]	['was']
celebrated	relcl	keep	['which', 'was', 'by']	['which', 'was', 'celebrated', 'by', 'the', 'mayors', 'on', 'the', 'Security', 'Council']
by	agent	celebrated	['mayors']	['by', 'the', 'mayors', 'on', 'the', 'Security', 'Council']
the	det	mayors	[]	['the']
mayors	pobj	by	['the', 'on']	['the', 'mayors', 'on', 'the', 'Security', 'Council']
on	prep	mayors	['Council']	['on', 'the', 'Security', 'Council']
the	det	Council	[]	['the']
Security	compound	Council	[]	['Security']
Council	pobj	on	['the', 'Security']	['the', 'Security', 'Council']
.	punct	said	[]	['.']
If	mark	think	[]	['If']
the	det	experts	[]	['the']
experts	nsubj	think	['the']	['the', 'experts']
think	advcl	taken	"['If', 'experts', ""'s""]"	"['If', 'the', 'experts', 'think', 'it', ""'s"", 'justified']"
it	nsubj	's	[]	['it']
's	ccomp	think	['it', 'justified']	"['it', ""'s"", 'justified']"
justified	acomp	's	[]	['justified']
,	punct	taken	[]	[',']
further	amod	steps	[]	['further']
steps	nsubjpass	taken	['further']	['further', 'steps']
will	aux	taken	[]	['will']
probably	advmod	taken	[]	['probably']
be	auxpass	taken	[]	['be']
taken	ROOT	taken	['think', ',', 'steps', 'will', 'probably', 'be', 'at', '.']	"['If', 'the', 'experts', 'think', 'it', ""'s"", 'justified', ',', 'further', 'steps', 'will', 'probably', 'be', 'taken', 'at', 'the', 'beginning', 'of', 'March', '.']"
at	prep	taken	['beginning']	['at', 'the', 'beginning', 'of', 'March']
the	det	beginning	[]	['the']
beginning	pobj	at	['the', 'of']	['the', 'beginning', 'of', 'March']
of	prep	beginning	['March']	['of', 'March']
March	pobj	of	[]	['March']
.	punct	taken	[]	['.']
These	det	relaxations	[]	['These']
relaxations	nsubjpass	announced	['These']	['These', 'relaxations']
may	aux	announced	[]	['may']
be	auxpass	announced	[]	['be']
announced	ROOT	announced	['relaxations', 'may', 'be', 'at', ',', 'but', 'is']	['These', 'relaxations', 'may', 'be', 'announced', 'at', 'a', 'press', 'conference', 'on', 'March', '8', ',', 'but', 'that', 'is', 'not', 'yet', 'certain', '.']
at	prep	announced	['conference']	['at', 'a', 'press', 'conference', 'on', 'March', '8']
a	det	conference	[]	['a']
press	compound	conference	[]	['press']
conference	pobj	at	['a', 'press', 'on']	['a', 'press', 'conference', 'on', 'March', '8']
on	prep	conference	['March']	['on', 'March', '8']
March	pobj	on	['8']	['March', '8']
8	nummod	March	[]	['8']
,	punct	announced	[]	[',']
but	cc	announced	[]	['but']
that	nsubj	is	[]	['that']
is	conj	announced	['that', 'not', 'yet', 'certain', '.']	['that', 'is', 'not', 'yet', 'certain', '.']
not	neg	is	[]	['not']
yet	advmod	is	[]	['yet']
certain	acomp	is	[]	['certain']
.	punct	is	[]	['.']
Earlier	advmod	emerged	['in']	['Earlier', 'in', 'the', 'day']
in	prep	Earlier	['day']	['in', 'the', 'day']
the	det	day	[]	['the']
day	pobj	in	['the']	['the', 'day']
it	nsubjpass	emerged	[]	['it']
was	auxpass	emerged	[]	['was']
emerged	ROOT	emerged	['Earlier', 'it', 'was', 'wants', '.']	['Earlier', 'in', 'the', 'day', 'it', 'was', 'emerged', 'that', 'the', 'Cabinet', 'wants', 'to', 'extend', 'the', 'opening', 'hours', 'for', 'the', 'hospitality', 'industry', ',', 'theaters', 'and', 'cinemas', 'next', 'week', '.']
that	mark	wants	[]	['that']
the	det	Cabinet	[]	['the']
Cabinet	nsubj	wants	['the']	['the', 'Cabinet']
wants	ccomp	emerged	['that', 'Cabinet', 'extend']	['that', 'the', 'Cabinet', 'wants', 'to', 'extend', 'the', 'opening', 'hours', 'for', 'the', 'hospitality', 'industry', ',', 'theaters', 'and', 'cinemas', 'next', 'week']
to	aux	extend	[]	['to']
extend	xcomp	wants	['to', 'hours', 'week']	['to', 'extend', 'the', 'opening', 'hours', 'for', 'the', 'hospitality', 'industry', ',', 'theaters', 'and', 'cinemas', 'next', 'week']
the	det	hours	[]	['the']
opening	compound	hours	[]	['opening']
hours	dobj	extend	['the', 'opening', 'for']	['the', 'opening', 'hours', 'for', 'the', 'hospitality', 'industry', ',', 'theaters', 'and', 'cinemas']
for	prep	hours	['industry']	['for', 'the', 'hospitality', 'industry', ',', 'theaters', 'and', 'cinemas']
the	det	industry	[]	['the']
hospitality	compound	industry	[]	['hospitality']
industry	pobj	for	['the', 'hospitality', ',', 'theaters']	['the', 'hospitality', 'industry', ',', 'theaters', 'and', 'cinemas']
,	punct	industry	[]	[',']
theaters	conj	industry	['and', 'cinemas']	['theaters', 'and', 'cinemas']
and	cc	theaters	[]	['and']
cinemas	conj	theaters	[]	['cinemas']
next	amod	week	[]	['next']
week	npadvmod	extend	['next']	['next', 'week']
.	punct	emerged	[]	['.']
The	det	time	[]	['The']
exact	amod	time	[]	['exact']
time	nsubjpass	discussed	['The', 'exact', 'of']	['The', 'exact', 'time', 'of', 'closure']
of	prep	time	['closure']	['of', 'closure']
closure	pobj	of	[]	['closure']
is	aux	discussed	[]	['is']
still	advmod	discussed	[]	['still']
being	auxpass	discussed	[]	['being']
discussed	ROOT	discussed	['time', 'is', 'still', 'being', '.']	['The', 'exact', 'time', 'of', 'closure', 'is', 'still', 'being', 'discussed', '.']
.	punct	discussed	[]	['.']
These	det	businesses	[]	['These']
businesses	nsubj	have	['These']	['These', 'businesses']
currently	advmod	have	[]	['currently']
have	ROOT	have	['businesses', 'currently', 'close', 'have', '.']	['These', 'businesses', 'currently', 'have', 'to', 'close', 'at', '10', 'p.m.', 'Customers', 'may', 'no', 'longer', 'have', 'to', 'remain', 'in', 'assigned', 'seats', ',', 'and', 'social', 'distancing', 'requirements', 'in', 'the', 'hospitality', 'and', 'cultural', 'sector', 'could', 'disappear', ',', 'allowing', 'them', 'to', 'increase', 'attendance', 'to', 'maximum', 'capacity', '.']
to	aux	close	[]	['to']
close	xcomp	have	['to', 'at']	['to', 'close', 'at', '10', 'p.m.']
at	prep	close	['p.m.']	['at', '10', 'p.m.']
10	nummod	p.m.	[]	['10']
p.m.	pobj	at	['10']	['10', 'p.m.']
Customers	nsubj	have	[]	['Customers']
may	aux	have	[]	['may']
no	neg	longer	[]	['no']
longer	advmod	have	['no']	['no', 'longer']
have	conj	have	['Customers', 'may', 'longer', 'remain', ',', 'and', 'disappear']	['Customers', 'may', 'no', 'longer', 'have', 'to', 'remain', 'in', 'assigned', 'seats', ',', 'and', 'social', 'distancing', 'requirements', 'in', 'the', 'hospitality', 'and', 'cultural', 'sector', 'could', 'disappear', ',', 'allowing', 'them', 'to', 'increase', 'attendance', 'to', 'maximum', 'capacity']
to	aux	remain	[]	['to']
remain	xcomp	have	['to', 'in']	['to', 'remain', 'in', 'assigned', 'seats']
in	prep	remain	['seats']	['in', 'assigned', 'seats']
assigned	amod	seats	[]	['assigned']
seats	pobj	in	['assigned']	['assigned', 'seats']
,	punct	have	[]	[',']
and	cc	have	[]	['and']
social	amod	requirements	[]	['social']
distancing	compound	requirements	[]	['distancing']
requirements	nsubj	disappear	['social', 'distancing', 'in']	['social', 'distancing', 'requirements', 'in', 'the', 'hospitality', 'and', 'cultural', 'sector']
in	prep	requirements	['hospitality']	['in', 'the', 'hospitality', 'and', 'cultural', 'sector']
the	det	hospitality	[]	['the']
hospitality	pobj	in	['the', 'and', 'sector']	['the', 'hospitality', 'and', 'cultural', 'sector']
and	cc	hospitality	[]	['and']
cultural	amod	sector	[]	['cultural']
sector	conj	hospitality	['cultural']	['cultural', 'sector']
could	aux	disappear	[]	['could']
disappear	conj	have	['requirements', 'could', ',', 'allowing']	['social', 'distancing', 'requirements', 'in', 'the', 'hospitality', 'and', 'cultural', 'sector', 'could', 'disappear', ',', 'allowing', 'them', 'to', 'increase', 'attendance', 'to', 'maximum', 'capacity']
,	punct	disappear	[]	[',']
allowing	advcl	disappear	['increase']	['allowing', 'them', 'to', 'increase', 'attendance', 'to', 'maximum', 'capacity']
them	nsubj	increase	[]	['them']
to	aux	increase	[]	['to']
increase	ccomp	allowing	['them', 'to', 'attendance']	['them', 'to', 'increase', 'attendance', 'to', 'maximum', 'capacity']
attendance	dobj	increase	['to']	['attendance', 'to', 'maximum', 'capacity']
to	prep	attendance	['capacity']	['to', 'maximum', 'capacity']
maximum	amod	capacity	[]	['maximum']
capacity	pobj	to	['maximum']	['maximum', 'capacity']
.	punct	have	[]	['.']
Furthermore	advmod	disappear	[]	['Furthermore']
,	punct	disappear	[]	[',']
according	prep	disappear	['to']	['according', 'to', 'sources', 'close', 'to', 'the', 'Cabinet']
to	prep	according	['sources']	['to', 'sources', 'close', 'to', 'the', 'Cabinet']
sources	pobj	to	['close']	['sources', 'close', 'to', 'the', 'Cabinet']
close	amod	sources	['to']	['close', 'to', 'the', 'Cabinet']
to	prep	close	['Cabinet']	['to', 'the', 'Cabinet']
the	det	Cabinet	[]	['the']
Cabinet	pobj	to	['the']	['the', 'Cabinet']
,	punct	disappear	[]	[',']
the	det	advice	[]	['the']
advice	nsubj	disappear	['the', 'work']	['the', 'advice', 'to', 'work', 'from', 'home']
to	aux	work	[]	['to']
work	relcl	advice	['to', 'from']	['to', 'work', 'from', 'home']
from	prep	work	['home']	['from', 'home']
home	pobj	from	[]	['home']
will	aux	disappear	[]	['will']
also	advmod	disappear	[]	['also']
disappear	ROOT	disappear	['Furthermore', ',', 'according', ',', 'advice', 'will', 'also', '.']	['Furthermore', ',', 'according', 'to', 'sources', 'close', 'to', 'the', 'Cabinet', ',', 'the', 'advice', 'to', 'work', 'from', 'home', 'will', 'also', 'disappear', '.']
.	punct	disappear	[]	['.']
The	det	advice	[]	['The']
current	amod	advice	[]	['current']
advice	nsubj	been	['The', 'current']	['The', 'current', 'advice']
has	aux	been	[]	['has']
been	ROOT	been	['advice', 'has', 'in', 'since', '.']	['The', 'current', 'advice', 'has', 'been', 'in', 'effect', 'since', 'November', '26', '.']
in	prep	been	['effect']	['in', 'effect']
effect	pobj	in	[]	['effect']
since	prep	been	['November']	['since', 'November', '26']
November	pobj	since	['26']	['November', '26']
26	nummod	November	[]	['26']
.	punct	been	[]	['.']
It	nsubjpass	announced	[]	['It']
will	aux	announced	[]	['will']
also	advmod	announced	[]	['also']
probably	advmod	announced	[]	['probably']
be	auxpass	announced	[]	['be']
announced	ROOT	announced	['It', 'will', 'also', 'probably', 'be', 'week', 'lifted', '.']	['It', 'will', 'also', 'probably', 'be', 'announced', 'next', 'week', 'that', 'the', 'restriction', 'to', 'receive', 'a', 'maximum', 'of', 'four', 'people', 'at', 'home', 'will', 'be', 'lifted', '.']
next	amod	week	[]	['next']
week	npadvmod	announced	['next']	['next', 'week']
that	mark	lifted	[]	['that']
the	det	restriction	[]	['the']
restriction	nsubjpass	lifted	['the', 'receive']	['the', 'restriction', 'to', 'receive', 'a', 'maximum']
to	aux	receive	[]	['to']
receive	acl	restriction	['to', 'maximum']	['to', 'receive', 'a', 'maximum']
a	det	maximum	[]	['a']
maximum	dobj	receive	['a']	['a', 'maximum']
of	quantmod	four	[]	['of']
four	nummod	people	['of']	['of', 'four']
people	nsubjpass	lifted	['four', 'at']	['of', 'four', 'people', 'at', 'home']
at	prep	people	['home']	['at', 'home']
home	pobj	at	[]	['home']
will	aux	lifted	[]	['will']
be	auxpass	lifted	[]	['be']
lifted	ccomp	announced	['that', 'restriction', 'people', 'will', 'be']	['that', 'the', 'restriction', 'to', 'receive', 'a', 'maximum', 'of', 'four', 'people', 'at', 'home', 'will', 'be', 'lifted']
.	punct	announced	[]	['.']
The	det	Cabinet	[]	['The']
Cabinet	nsubj	is	['The']	['The', 'Cabinet']
is	ROOT	is	['Cabinet', 'optimistic', '.']	"['The', 'Cabinet', 'is', '""', 'cautiously', 'optimistic', '""', 'about', 'hospital', 'admissions', '.']"
""""	punct	optimistic	[]	"['""']"
cautiously	advmod	optimistic	[]	['cautiously']
optimistic	acomp	is	"['""', 'cautiously', '""', 'about']"	"['""', 'cautiously', 'optimistic', '""', 'about', 'hospital', 'admissions']"
""""	punct	optimistic	[]	"['""']"
about	prep	optimistic	['admissions']	['about', 'hospital', 'admissions']
hospital	compound	admissions	[]	['hospital']
admissions	pobj	about	['hospital']	['hospital', 'admissions']
.	punct	is	[]	['.']
These	nsubj	increased	[]	['These']
have	aux	increased	[]	['have']
increased	ROOT	increased	['These', 'have', 'over', ',', 'but', 'at', '.']	['These', 'have', 'increased', 'over', 'the', 'last', 'five', 'weeks', ',', 'but', 'at', 'a', 'much', 'lower', 'rate', 'compared', 'to', 'the', 'enormous', 'numbers', 'of', 'positive', 'infections', 'linked', 'to', 'the', 'Omicron', 'virus', '.']
over	prep	increased	['weeks']	['over', 'the', 'last', 'five', 'weeks']
the	det	weeks	[]	['the']
last	amod	weeks	[]	['last']
five	nummod	weeks	[]	['five']
weeks	pobj	over	['the', 'last', 'five']	['the', 'last', 'five', 'weeks']
,	punct	increased	[]	[',']
but	cc	increased	[]	['but']
at	conj	increased	['rate']	['at', 'a', 'much', 'lower', 'rate', 'compared', 'to', 'the', 'enormous', 'numbers', 'of', 'positive', 'infections', 'linked', 'to', 'the', 'Omicron', 'virus']
a	det	rate	[]	['a']
much	advmod	lower	[]	['much']
lower	amod	rate	['much']	['much', 'lower']
rate	pobj	at	['a', 'lower', 'compared']	['a', 'much', 'lower', 'rate', 'compared', 'to', 'the', 'enormous', 'numbers', 'of', 'positive', 'infections', 'linked', 'to', 'the', 'Omicron', 'virus']
compared	prep	rate	['to']	['compared', 'to', 'the', 'enormous', 'numbers', 'of', 'positive', 'infections', 'linked', 'to', 'the', 'Omicron', 'virus']
to	prep	compared	['numbers']	['to', 'the', 'enormous', 'numbers', 'of', 'positive', 'infections', 'linked', 'to', 'the', 'Omicron', 'virus']
the	det	numbers	[]	['the']
enormous	amod	numbers	[]	['enormous']
numbers	pobj	to	['the', 'enormous', 'of']	['the', 'enormous', 'numbers', 'of', 'positive', 'infections', 'linked', 'to', 'the', 'Omicron', 'virus']
of	prep	numbers	['infections']	['of', 'positive', 'infections', 'linked', 'to', 'the', 'Omicron', 'virus']
positive	amod	infections	[]	['positive']
infections	pobj	of	['positive', 'linked']	['positive', 'infections', 'linked', 'to', 'the', 'Omicron', 'virus']
linked	acl	infections	['to']	['linked', 'to', 'the', 'Omicron', 'virus']
to	prep	linked	['virus']	['to', 'the', 'Omicron', 'virus']
the	det	virus	[]	['the']
Omicron	compound	virus	[]	['Omicron']
virus	pobj	to	['the', 'Omicron']	['the', 'Omicron', 'virus']
.	punct	increased	[]	['.']
""""	punct	is	[]	"['""']"
The	det	number	[]	['The']
number	nsubj	is	['The', 'of']	['The', 'number', 'of', 'infections']
of	prep	number	['infections']	['of', 'infections']
infections	pobj	of	[]	['infections']
is	ccomp	said	"['""', 'number', 'high', ',', 'but', 'is']"	"['""', 'The', 'number', 'of', 'infections', 'is', 'very', 'high', ',', 'but', 'fortunately', 'the', 'pressure', 'on', 'healthcare', 'is', 'not', 'too', 'bad']"
very	advmod	high	[]	['very']
high	acomp	is	['very']	['very', 'high']
,	punct	is	[]	[',']
but	cc	is	[]	['but']
fortunately	advmod	is	[]	['fortunately']
the	det	pressure	[]	['the']
pressure	nsubj	is	['the', 'on']	['the', 'pressure', 'on', 'healthcare']
on	prep	pressure	['healthcare']	['on', 'healthcare']
healthcare	pobj	on	[]	['healthcare']
is	conj	is	['fortunately', 'pressure', 'not', 'bad']	['fortunately', 'the', 'pressure', 'on', 'healthcare', 'is', 'not', 'too', 'bad']
not	neg	is	[]	['not']
too	advmod	bad	[]	['too']
bad	acomp	is	['too']	['too', 'bad']
,	punct	said	[]	[',']
""""	punct	said	[]	"['""']"
said	ROOT	said	"['is', ',', '""', 'Kuipers', 'on', '.']"	"['""', 'The', 'number', 'of', 'infections', 'is', 'very', 'high', ',', 'but', 'fortunately', 'the', 'pressure', 'on', 'healthcare', 'is', 'not', 'too', 'bad', ',', '""', 'said', 'Health', 'Minister', 'Ernst', 'Kuipers', 'on', 'Wednesday', '.']"
Health	compound	Minister	[]	['Health']
Minister	compound	Kuipers	['Health']	['Health', 'Minister']
Ernst	compound	Kuipers	[]	['Ernst']
Kuipers	nsubj	said	['Minister', 'Ernst']	['Health', 'Minister', 'Ernst', 'Kuipers']
on	prep	said	['Wednesday']	['on', 'Wednesday']
Wednesday	pobj	on	[]	['Wednesday']
.	punct	said	[]	['.']
Cabinet	compound	members	[]	['Cabinet']
members	nsubj	want	['Cabinet']	['Cabinet', 'members']
did	aux	want	[]	['did']
not	neg	want	[]	['not']
want	ROOT	want	['members', 'did', 'not', 'anticipate', '.']	['Cabinet', 'members', 'did', 'not', 'want', 'to', 'publicly', 'anticipate', 'any', 'relaxations', '.']
to	aux	anticipate	[]	['to']
publicly	advmod	anticipate	[]	['publicly']
anticipate	xcomp	want	['to', 'publicly', 'relaxations']	['to', 'publicly', 'anticipate', 'any', 'relaxations']
any	det	relaxations	[]	['any']
relaxations	dobj	anticipate	['any']	['any', 'relaxations']
.	punct	want	[]	['.']
Prime	compound	Minister	[]	['Prime']
Minister	compound	Rutte	['Prime']	['Prime', 'Minister']
Mark	compound	Rutte	[]	['Mark']
Rutte	nsubj	said	['Minister', 'Mark']	['Prime', 'Minister', 'Mark', 'Rutte']
said	ROOT	said	['Rutte', 'on', 'is', '.']	"['Prime', 'Minister', 'Mark', 'Rutte', 'said', 'on', 'Wednesday', 'that', 'the', 'chance', 'is', '""', 'really', 'high', '""', 'that', 'loosening', 'up', 'restrictions', 'will', 'be', 'possible', '.']"
on	prep	said	['Wednesday']	['on', 'Wednesday']
Wednesday	pobj	on	[]	['Wednesday']
that	mark	is	[]	['that']
the	det	chance	[]	['the']
chance	nsubj	is	['the']	['the', 'chance']
is	ccomp	said	"['that', 'chance', '""', 'high', 'be']"	"['that', 'the', 'chance', 'is', '""', 'really', 'high', '""', 'that', 'loosening', 'up', 'restrictions', 'will', 'be', 'possible']"
""""	punct	is	[]	"['""']"
really	advmod	high	[]	['really']
high	acomp	is	"['really', '""']"	"['really', 'high', '""']"
""""	punct	high	[]	"['""']"
that	nsubj	be	[]	['that']
loosening	csubj	be	['up', 'restrictions']	['loosening', 'up', 'restrictions']
up	prt	loosening	[]	['up']
restrictions	dobj	loosening	[]	['restrictions']
will	aux	be	[]	['will']
be	ccomp	is	['that', 'loosening', 'will', 'possible']	['that', 'loosening', 'up', 'restrictions', 'will', 'be', 'possible']
possible	acomp	be	[]	['possible']
.	punct	said	[]	['.']
Cabinet	compound	ministers	[]	['Cabinet']
ministers	nsubj	met	['Cabinet']	['Cabinet', 'ministers']
met	ROOT	met	['ministers', 'for', 'on', ',', 'and', 'meet']	['Cabinet', 'ministers', 'met', 'for', 'an', 'extra', 'meeting', 'about', 'the', 'coronavirus', 'policy', 'on', 'Wednesday', 'morning', ',', 'and', 'the', 'OMT', 'will', 'meet', 'again', 'to', 'discuss', 'the', 'issue', 'on', 'Friday', '.']
for	prep	met	['meeting']	['for', 'an', 'extra', 'meeting', 'about', 'the', 'coronavirus', 'policy']
an	det	meeting	[]	['an']
extra	amod	meeting	[]	['extra']
meeting	pobj	for	['an', 'extra', 'about']	['an', 'extra', 'meeting', 'about', 'the', 'coronavirus', 'policy']
about	prep	meeting	['policy']	['about', 'the', 'coronavirus', 'policy']
the	det	policy	[]	['the']
coronavirus	compound	policy	[]	['coronavirus']
policy	pobj	about	['the', 'coronavirus']	['the', 'coronavirus', 'policy']
on	prep	met	['morning']	['on', 'Wednesday', 'morning']
Wednesday	compound	morning	[]	['Wednesday']
morning	pobj	on	['Wednesday']	['Wednesday', 'morning']
,	punct	met	[]	[',']
and	cc	met	[]	['and']
the	det	OMT	[]	['the']
OMT	nsubj	meet	['the']	['the', 'OMT']
will	aux	meet	[]	['will']
meet	conj	met	['OMT', 'will', 'again', 'discuss', '.']	['the', 'OMT', 'will', 'meet', 'again', 'to', 'discuss', 'the', 'issue', 'on', 'Friday', '.']
again	advmod	meet	[]	['again']
to	aux	discuss	[]	['to']
discuss	advcl	meet	['to', 'issue', 'on']	['to', 'discuss', 'the', 'issue', 'on', 'Friday']
the	det	issue	[]	['the']
issue	dobj	discuss	['the']	['the', 'issue']
on	prep	discuss	['Friday']	['on', 'Friday']
Friday	pobj	on	[]	['Friday']
.	punct	meet	[]	['.']
Rutte	nsubj	said	[]	['Rutte']
said	ccomp	said	['Rutte', 'inform']	"['Rutte', 'said', 'the', 'Cabinet', 'could', 'inform', 'the', 'Tweede', 'Kamer', 'about', 'what', 'it', ""'s"", 'considering', 'even', 'before', 'the', 'weekend', ',', '""', 'a', 'sort', 'of', ""'"", 'what', 'could', 'be', ""'"", 'package', '""', 'of', 'measures']"
the	det	Cabinet	[]	['the']
Cabinet	nsubj	inform	['the']	['the', 'Cabinet']
could	aux	inform	[]	['could']
inform	ccomp	said	['Cabinet', 'could', 'Kamer', 'about', ',', 'sort']	"['the', 'Cabinet', 'could', 'inform', 'the', 'Tweede', 'Kamer', 'about', 'what', 'it', ""'s"", 'considering', 'even', 'before', 'the', 'weekend', ',', '""', 'a', 'sort', 'of', ""'"", 'what', 'could', 'be', ""'"", 'package', '""', 'of', 'measures']"
the	det	Kamer	[]	['the']
Tweede	compound	Kamer	[]	['Tweede']
Kamer	dobj	inform	['the', 'Tweede']	['the', 'Tweede', 'Kamer']
about	prep	inform	['considering']	"['about', 'what', 'it', ""'s"", 'considering', 'even', 'before', 'the', 'weekend']"
what	dobj	considering	[]	['what']
it	nsubj	considering	[]	['it']
's	aux	considering	[]	"[""'s""]"
considering	pcomp	about	"['what', 'it', ""'s"", 'before']"	"['what', 'it', ""'s"", 'considering', 'even', 'before', 'the', 'weekend']"
even	advmod	before	[]	['even']
before	prep	considering	['even', 'weekend']	['even', 'before', 'the', 'weekend']
the	det	weekend	[]	['the']
weekend	pobj	before	['the']	['the', 'weekend']
,	punct	inform	[]	[',']
""""	punct	sort	[]	"['""']"
a	det	sort	[]	['a']
sort	dobj	inform	"['""', 'a', 'of']"	"['""', 'a', 'sort', 'of', ""'"", 'what', 'could', 'be', ""'"", 'package', '""', 'of', 'measures']"
of	prep	sort	"[""'"", 'be']"	"['of', ""'"", 'what', 'could', 'be', ""'"", 'package', '""', 'of', 'measures']"
'	punct	of	[]	"[""'""]"
what	nsubj	be	[]	['what']
could	aux	be	[]	['could']
be	pcomp	of	['what', 'could', 'package']	"['what', 'could', 'be', ""'"", 'package', '""', 'of', 'measures']"
'	punct	package	[]	"[""'""]"
package	attr	be	"[""'"", '""', 'of']"	"[""'"", 'package', '""', 'of', 'measures']"
""""	punct	package	[]	"['""']"
of	prep	package	['measures']	['of', 'measures']
measures	pobj	of	[]	['measures']
,	punct	said	[]	[',']
he	nsubj	said	[]	['he']
said	ROOT	said	['said', ',', 'he', '.']	"['Rutte', 'said', 'the', 'Cabinet', 'could', 'inform', 'the', 'Tweede', 'Kamer', 'about', 'what', 'it', ""'s"", 'considering', 'even', 'before', 'the', 'weekend', ',', '""', 'a', 'sort', 'of', ""'"", 'what', 'could', 'be', ""'"", 'package', '""', 'of', 'measures', ',', 'he', 'said', '.']"
.	punct	said	[]	['.']
In	prep	have	['addition']	['In', 'addition']
addition	pobj	In	[]	['addition']
,	punct	have	[]	[',']
the	det	Cabinet	[]	['the']
Cabinet	nsubj	have	['the']	['the', 'Cabinet']
will	aux	have	[]	['will']
have	ROOT	have	['In', ',', 'Cabinet', 'will', 'make', ',', 'sees', '.']	['In', 'addition', ',', 'the', 'Cabinet', 'will', 'have', 'to', 'make', 'it', 'clear', 'that', 'all', 'these', 'relaxations', 'may', 'not', 'be', 'implemented', ',', 'particularly', 'if', 'the', 'OMT', 'sees', 'a', 'problem', 'with', 'the', 'proposal', '.']
to	aux	make	[]	['to']
make	xcomp	have	['to', 'clear']	['to', 'make', 'it', 'clear', 'that', 'all', 'these', 'relaxations', 'may', 'not', 'be', 'implemented']
it	nsubj	clear	[]	['it']
clear	ccomp	make	['it', 'implemented']	['it', 'clear', 'that', 'all', 'these', 'relaxations', 'may', 'not', 'be', 'implemented']
that	mark	implemented	[]	['that']
all	predet	relaxations	[]	['all']
these	det	relaxations	[]	['these']
relaxations	nsubjpass	implemented	['all', 'these']	['all', 'these', 'relaxations']
may	aux	implemented	[]	['may']
not	neg	implemented	[]	['not']
be	auxpass	implemented	[]	['be']
implemented	advcl	clear	['that', 'relaxations', 'may', 'not', 'be']	['that', 'all', 'these', 'relaxations', 'may', 'not', 'be', 'implemented']
,	punct	have	[]	[',']
particularly	advmod	sees	[]	['particularly']
if	mark	sees	[]	['if']
the	det	OMT	[]	['the']
OMT	nsubj	sees	['the']	['the', 'OMT']
sees	advcl	have	['particularly', 'if', 'OMT', 'problem']	['particularly', 'if', 'the', 'OMT', 'sees', 'a', 'problem', 'with', 'the', 'proposal']
a	det	problem	[]	['a']
problem	dobj	sees	['a', 'with']	['a', 'problem', 'with', 'the', 'proposal']
with	prep	problem	['proposal']	['with', 'the', 'proposal']
the	det	proposal	[]	['the']
proposal	pobj	with	['the']	['the', 'proposal']
.	punct	have	[]	['.']
Anything	nsubj	taken	[]	['Anything']
taken	csubjpass	made	['Anything', 'off', 'table', 'in']	['Anything', 'taken', 'off', 'the', 'table', 'in', 'the', 'interim']
off	prt	taken	[]	['off']
the	det	table	[]	['the']
table	dobj	taken	['the']	['the', 'table']
in	prep	taken	['interim']	['in', 'the', 'interim']
the	det	interim	[]	['the']
interim	pobj	in	['the']	['the', 'interim']
will	aux	made	[]	['will']
be	auxpass	made	[]	['be']
made	ROOT	made	['taken', 'will', 'be', 'clear', 'on', '.']	['Anything', 'taken', 'off', 'the', 'table', 'in', 'the', 'interim', 'will', 'be', 'made', 'clear', 'on', 'Tuesday', '.']
clear	oprd	made	[]	['clear']
on	prep	made	['Tuesday']	['on', 'Tuesday']
Tuesday	pobj	on	[]	['Tuesday']
.	punct	made	[]	['.']
Far	advmod	reaching	[]	['Far']
-	punct	reaching	[]	['-']
reaching	amod	elimination	['Far', '-']	['Far', '-', 'reaching']
elimination	nsubjpass	announced	['reaching', 'of']	['Far', '-', 'reaching', 'elimination', 'of', 'restrictions']
of	prep	elimination	['restrictions']	['of', 'restrictions']
restrictions	pobj	of	[]	['restrictions']
will	aux	announced	[]	['will']
also	advmod	announced	[]	['also']
be	auxpass	announced	[]	['be']
announced	ROOT	announced	['elimination', 'will', 'also', 'be', 'in', '.']	['Far', '-', 'reaching', 'elimination', 'of', 'restrictions', 'will', 'also', 'be', 'announced', 'in', 'other', 'European', 'countries', 'in', 'the', 'coming', 'days', '.']
in	prep	announced	['countries']	['in', 'other', 'European', 'countries', 'in', 'the', 'coming', 'days']
other	amod	countries	[]	['other']
European	amod	countries	[]	['European']
countries	pobj	in	['other', 'European', 'in']	['other', 'European', 'countries', 'in', 'the', 'coming', 'days']
in	prep	countries	['days']	['in', 'the', 'coming', 'days']
the	det	days	[]	['the']
coming	amod	days	[]	['coming']
days	pobj	in	['the', 'coming']	['the', 'coming', 'days']
.	punct	announced	[]	['.']
For	prep	expects	['example']	['For', 'example']
example	pobj	For	[]	['example']
,	punct	expects	[]	[',']
the	det	minister	[]	['the']
Belgian	amod	minister	[]	['Belgian']
minister	nsubj	expects	['the', 'Belgian', 'handling', ',', 'Vandenbroucke', ',']	['the', 'Belgian', 'minister', 'handling', 'coronavirus', 'issues', ',', 'Frank', 'Vandenbroucke', ',']
handling	acl	minister	['issues']	['handling', 'coronavirus', 'issues']
coronavirus	compound	issues	[]	['coronavirus']
issues	dobj	handling	['coronavirus']	['coronavirus', 'issues']
,	punct	minister	[]	[',']
Frank	compound	Vandenbroucke	[]	['Frank']
Vandenbroucke	appos	minister	['Frank']	['Frank', 'Vandenbroucke']
,	punct	minister	[]	[',']
expects	ROOT	expects	['For', ',', 'minister', 'withdrawn', '.']	['For', 'example', ',', 'the', 'Belgian', 'minister', 'handling', 'coronavirus', 'issues', ',', 'Frank', 'Vandenbroucke', ',', 'expects', 'that', 'almost', 'all', 'coronavirus', 'measures', 'will', 'be', 'withdrawn', 'in', 'Belgium', 'next', 'Friday', '.']
that	mark	withdrawn	[]	['that']
almost	advmod	all	[]	['almost']
all	nummod	measures	['almost']	['almost', 'all']
coronavirus	compound	measures	[]	['coronavirus']
measures	nsubjpass	withdrawn	['all', 'coronavirus']	['almost', 'all', 'coronavirus', 'measures']
will	aux	withdrawn	[]	['will']
be	auxpass	withdrawn	[]	['be']
withdrawn	ccomp	expects	['that', 'measures', 'will', 'be', 'in', 'Friday']	['that', 'almost', 'all', 'coronavirus', 'measures', 'will', 'be', 'withdrawn', 'in', 'Belgium', 'next', 'Friday']
in	prep	withdrawn	['Belgium']	['in', 'Belgium']
Belgium	pobj	in	[]	['Belgium']
next	amod	Friday	[]	['next']
Friday	npadvmod	withdrawn	['next']	['next', 'Friday']
.	punct	expects	[]	['.']
