,token,nature,head,nr_of_dependents,constituent_of_head,constituency_paths
0,The,OTH,Cabinet,0,NOT_HEAD,"['S', 'S', 'NP', 'DT']"
1,Cabinet,OTH,hopes,1,"['The', 'Cabinet']","['S', 'S', 'NP', 'NNP']"
2,hopes,VERB,said,2,"['The', 'Cabinet', 'hopes', 'to', 'be', 'able', 'to', 'abolish', 'most', 'of', 'the', 'remaining', 'corona', 'measures', 'by', 'the', 'beginning', 'of', 'March', ',', 'including', 'the', 'use', 'of', 'face', 'masks', 'and', 'the', '1.5', 'meter', 'social', 'distancing', 'rule']","['S', 'S', 'VP', 'VBZ']"
3,to,OTH,be,0,NOT_HEAD,"['S', 'S', 'VP', 'S', 'VP', 'TO']"
4,be,VERB,hopes,2,"['to', 'be', 'able', 'to', 'abolish', 'most', 'of', 'the', 'remaining', 'corona', 'measures', 'by', 'the', 'beginning', 'of', 'March', ',', 'including', 'the', 'use', 'of', 'face', 'masks', 'and', 'the', '1.5', 'meter', 'social', 'distancing', 'rule']","['S', 'S', 'VP', 'S', 'VP', 'VP', 'VB']"
5,able,OTH,be,1,"['able', 'to', 'abolish', 'most', 'of', 'the', 'remaining', 'corona', 'measures', 'by', 'the', 'beginning', 'of', 'March', ',', 'including', 'the', 'use', 'of', 'face', 'masks', 'and', 'the', '1.5', 'meter', 'social', 'distancing', 'rule']","['S', 'S', 'VP', 'S', 'VP', 'VP', 'ADJP', 'JJ']"
6,to,OTH,abolish,0,NOT_HEAD,"['S', 'S', 'VP', 'S', 'VP', 'VP', 'ADJP', 'S', 'VP', 'TO']"
7,abolish,VERB,able,5,"['to', 'abolish', 'most', 'of', 'the', 'remaining', 'corona', 'measures', 'by', 'the', 'beginning', 'of', 'March', ',', 'including', 'the', 'use', 'of', 'face', 'masks', 'and', 'the', '1.5', 'meter', 'social', 'distancing', 'rule']","['S', 'S', 'VP', 'S', 'VP', 'VP', 'ADJP', 'S', 'VP', 'VP', 'VB']"
8,most,OTH,abolish,1,"['most', 'of', 'the', 'remaining', 'corona', 'measures']","['S', 'S', 'VP', 'S', 'VP', 'VP', 'ADJP', 'S', 'VP', 'VP', 'NP', 'NP', 'JJS']"
9,of,PREP,most,1,"['of', 'the', 'remaining', 'corona', 'measures']","['S', 'S', 'VP', 'S', 'VP', 'VP', 'ADJP', 'S', 'VP', 'VP', 'NP', 'PP', 'IN']"
10,the,OTH,measures,0,NOT_HEAD,"['S', 'S', 'VP', 'S', 'VP', 'VP', 'ADJP', 'S', 'VP', 'VP', 'NP', 'PP', 'NP', 'DT']"
11,remaining,MOD,measures,0,NOT_HEAD,"['S', 'S', 'VP', 'S', 'VP', 'VP', 'ADJP', 'S', 'VP', 'VP', 'NP', 'PP', 'NP', 'VBG']"
12,corona,MOD,measures,0,NOT_HEAD,"['S', 'S', 'VP', 'S', 'VP', 'VP', 'ADJP', 'S', 'VP', 'VP', 'NP', 'PP', 'NP', 'NN']"
13,measures,OTH,of,3,"['the', 'remaining', 'corona', 'measures']","['S', 'S', 'VP', 'S', 'VP', 'VP', 'ADJP', 'S', 'VP', 'VP', 'NP', 'PP', 'NP', 'NNS']"
14,by,PREP,abolish,1,"['by', 'the', 'beginning', 'of', 'March']","['S', 'S', 'VP', 'S', 'VP', 'VP', 'ADJP', 'S', 'VP', 'VP', 'PP', 'IN']"
15,the,OTH,beginning,0,NOT_HEAD,"['S', 'S', 'VP', 'S', 'VP', 'VP', 'ADJP', 'S', 'VP', 'VP', 'PP', 'NP', 'NP', 'DT']"
16,beginning,OTH,by,2,"['the', 'beginning', 'of', 'March']","['S', 'S', 'VP', 'S', 'VP', 'VP', 'ADJP', 'S', 'VP', 'VP', 'PP', 'NP', 'NP', 'NN']"
17,of,PREP,beginning,1,"['of', 'March']","['S', 'S', 'VP', 'S', 'VP', 'VP', 'ADJP', 'S', 'VP', 'VP', 'PP', 'NP', 'PP', 'IN']"
18,March,OTH,of,0,NOT_HEAD,"['S', 'S', 'VP', 'S', 'VP', 'VP', 'ADJP', 'S', 'VP', 'VP', 'PP', 'NP', 'PP', 'NP', 'NNP']"
19,",",OTH,abolish,0,NOT_HEAD,"['S', 'S', 'VP', 'S', 'VP', 'VP', 'ADJP', 'S', 'VP', 'VP', ',']"
20,including,PREP,abolish,1,"['including', 'the', 'use', 'of', 'face', 'masks', 'and', 'the', '1.5', 'meter', 'social', 'distancing', 'rule']","['S', 'S', 'VP', 'S', 'VP', 'VP', 'ADJP', 'S', 'VP', 'VP', 'PP', 'VBG']"
21,the,OTH,use,0,NOT_HEAD,"['S', 'S', 'VP', 'S', 'VP', 'VP', 'ADJP', 'S', 'VP', 'VP', 'PP', 'NP', 'NP', 'DT']"
22,use,OTH,including,4,"['the', 'use', 'of', 'face', 'masks', 'and', 'the', '1.5', 'meter', 'social', 'distancing', 'rule']","['S', 'S', 'VP', 'S', 'VP', 'VP', 'ADJP', 'S', 'VP', 'VP', 'PP', 'NP', 'NP', 'NN']"
23,of,PREP,use,1,"['of', 'face', 'masks']","['S', 'S', 'VP', 'S', 'VP', 'VP', 'ADJP', 'S', 'VP', 'VP', 'PP', 'NP', 'PP', 'IN']"
24,face,MOD,masks,0,NOT_HEAD,"['S', 'S', 'VP', 'S', 'VP', 'VP', 'ADJP', 'S', 'VP', 'VP', 'PP', 'NP', 'PP', 'NP', 'NP', 'NN']"
25,masks,OTH,of,1,"['face', 'masks']","['S', 'S', 'VP', 'S', 'VP', 'VP', 'ADJP', 'S', 'VP', 'VP', 'PP', 'NP', 'PP', 'NP', 'NP', 'NNS']"
26,and,OTH,use,0,NOT_HEAD,"['S', 'S', 'VP', 'S', 'VP', 'VP', 'ADJP', 'S', 'VP', 'VP', 'PP', 'NP', 'PP', 'NP', 'CC']"
27,the,OTH,rule,0,NOT_HEAD,"['S', 'S', 'VP', 'S', 'VP', 'VP', 'ADJP', 'S', 'VP', 'VP', 'PP', 'NP', 'PP', 'NP', 'NP', 'DT']"
28,1.5,MOD,meter,0,NOT_HEAD,"['S', 'S', 'VP', 'S', 'VP', 'VP', 'ADJP', 'S', 'VP', 'VP', 'PP', 'NP', 'PP', 'NP', 'NP', 'NML', 'CD']"
29,meter,OTH,rule,1,"['1.5', 'meter']","['S', 'S', 'VP', 'S', 'VP', 'VP', 'ADJP', 'S', 'VP', 'VP', 'PP', 'NP', 'PP', 'NP', 'NP', 'NML', 'NN']"
30,social,MOD,distancing,0,NOT_HEAD,"['S', 'S', 'VP', 'S', 'VP', 'VP', 'ADJP', 'S', 'VP', 'VP', 'PP', 'NP', 'PP', 'NP', 'NP', 'NML', 'JJ']"
31,distancing,MOD,rule,1,"['social', 'distancing']","['S', 'S', 'VP', 'S', 'VP', 'VP', 'ADJP', 'S', 'VP', 'VP', 'PP', 'NP', 'PP', 'NP', 'NP', 'NML', 'NN']"
32,rule,OTH,use,3,"['the', '1.5', 'meter', 'social', 'distancing', 'rule']","['S', 'S', 'VP', 'S', 'VP', 'VP', 'ADJP', 'S', 'VP', 'VP', 'PP', 'NP', 'PP', 'NP', 'NP', 'NN']"
33,",",OTH,said,0,NOT_HEAD,"['S', ',']"
34,sources,OTH,said,0,NOT_HEAD,"['S', 'NP', 'NNS']"
35,said,VERB,said,4,"['The', 'Cabinet', 'hopes', 'to', 'be', 'able', 'to', 'abolish', 'most', 'of', 'the', 'remaining', 'corona', 'measures', 'by', 'the', 'beginning', 'of', 'March', ',', 'including', 'the', 'use', 'of', 'face', 'masks', 'and', 'the', '1.5', 'meter', 'social', 'distancing', 'rule', ',', 'sources', 'said', '.']","['S', 'VP', 'VBD']"
36,.,OTH,said,0,NOT_HEAD,"['S', '.']"
38,Those,OTH,wanting,0,NOT_HEAD,"['S', 'NP', 'NP', 'DT']"
39,wanting,VERB,required,2,"['Those', 'wanting', 'to', 'attend', 'large', 'festivals', 'and', 'events']","['S', 'NP', 'VP', 'VBG']"
40,to,OTH,attend,0,NOT_HEAD,"['S', 'NP', 'VP', 'S', 'VP', 'TO']"
41,attend,VERB,wanting,2,"['to', 'attend', 'large', 'festivals', 'and', 'events']","['S', 'NP', 'VP', 'S', 'VP', 'VP', 'VB']"
42,large,MOD,festivals,0,NOT_HEAD,"['S', 'NP', 'VP', 'S', 'VP', 'VP', 'NP', 'JJ']"
43,festivals,OTH,attend,3,"['large', 'festivals', 'and', 'events']","['S', 'NP', 'VP', 'S', 'VP', 'VP', 'NP', 'NNS']"
44,and,OTH,festivals,0,NOT_HEAD,"['S', 'NP', 'VP', 'S', 'VP', 'VP', 'NP', 'CC']"
45,events,OTH,festivals,0,NOT_HEAD,"['S', 'NP', 'VP', 'S', 'VP', 'VP', 'NP', 'NNS']"
46,will,OTH,required,0,NOT_HEAD,"['S', 'VP', 'MD']"
47,be,OTH,required,0,NOT_HEAD,"['S', 'VP', 'VP', 'VB']"
48,required,VERB,required,5,"['Those', 'wanting', 'to', 'attend', 'large', 'festivals', 'and', 'events', 'will', 'be', 'required', 'to', 'show', 'a', 'negative', 'coronavirus', 'test', '.']","['S', 'VP', 'VP', 'VP', 'VBN']"
49,to,OTH,show,0,NOT_HEAD,"['S', 'VP', 'VP', 'VP', 'S', 'VP', 'TO']"
50,show,VERB,required,2,"['to', 'show', 'a', 'negative', 'coronavirus', 'test']","['S', 'VP', 'VP', 'VP', 'S', 'VP', 'VP', 'VB']"
51,a,OTH,test,0,NOT_HEAD,"['S', 'VP', 'VP', 'VP', 'S', 'VP', 'VP', 'NP', 'DT']"
52,negative,MOD,test,0,NOT_HEAD,"['S', 'VP', 'VP', 'VP', 'S', 'VP', 'VP', 'NP', 'JJ']"
53,coronavirus,MOD,test,0,NOT_HEAD,"['S', 'VP', 'VP', 'VP', 'S', 'VP', 'VP', 'NP', 'NN']"
54,test,OTH,show,3,"['a', 'negative', 'coronavirus', 'test']","['S', 'VP', 'VP', 'VP', 'S', 'VP', 'VP', 'NP', 'NN']"
55,.,OTH,required,0,NOT_HEAD,"['S', '.']"
56,The,OTH,Cabinet,0,NOT_HEAD,"['S', 'NP', 'DT']"
57,Cabinet,OTH,wants,1,"['The', 'Cabinet']","['S', 'NP', 'NNP']"
58,first,TUN,wants,0,NOT_HEAD,"['S', 'ADVP', 'RB']"
59,wants,VERB,wants,5,"['The', 'Cabinet', 'first', 'wants', 'to', 'hear', 'from', 'the', 'Outbreak', 'Management', 'Team', '(', 'OMT', ')', 'whether', 'such', 'extensive', 'relaxation', 'of', 'the', 'restrictions', 'in', 'the', 'Netherlands', 'is', 'a', 'responsible', 'course', 'of', 'action', '.']","['S', 'VP', 'VBZ']"
60,to,OTH,hear,0,NOT_HEAD,"['S', 'VP', 'S', 'VP', 'TO']"
61,hear,VERB,wants,2,"['to', 'hear', 'from', 'the', 'Outbreak', 'Management', 'Team', '(', 'OMT', ')']","['S', 'VP', 'S', 'VP', 'VP', 'VB']"
62,from,PREP,hear,1,"['from', 'the', 'Outbreak', 'Management', 'Team', '(', 'OMT', ')']","['S', 'VP', 'S', 'VP', 'VP', 'PP', 'IN']"
63,the,OTH,Team,0,NOT_HEAD,"['S', 'VP', 'S', 'VP', 'VP', 'PP', 'NP', 'NP', 'DT']"
64,Outbreak,MOD,Management,0,NOT_HEAD,"['S', 'VP', 'S', 'VP', 'VP', 'PP', 'NP', 'NP', 'NML', 'NNP']"
65,Management,MOD,Team,1,"['Outbreak', 'Management']","['S', 'VP', 'S', 'VP', 'VP', 'PP', 'NP', 'NP', 'NML', 'NNP']"
66,Team,OTH,from,5,"['the', 'Outbreak', 'Management', 'Team', '(', 'OMT', ')']","['S', 'VP', 'S', 'VP', 'VP', 'PP', 'NP', 'NP', 'NNP']"
67,(,OTH,Team,0,NOT_HEAD,"['S', 'VP', 'S', 'VP', 'VP', 'PP', 'NP', 'NP', '-LRB-']"
68,OMT,MOD,Team,0,NOT_HEAD,"['S', 'VP', 'S', 'VP', 'VP', 'PP', 'NP', 'NP', 'NNP']"
69,),OTH,Team,0,NOT_HEAD,"['S', 'VP', 'S', 'VP', 'VP', 'PP', 'NP', 'ADJP', '-RRB-']"
70,whether,OTH,is,0,NOT_HEAD,"['S', 'VP', 'S', 'VP', 'VP', 'PP', 'NP', 'ADJP', 'SBAR', 'IN']"
71,such,MOD,relaxation,0,NOT_HEAD,"['S', 'VP', 'S', 'VP', 'VP', 'PP', 'NP', 'ADJP', 'SBAR', 'S', 'NP', 'NP', 'JJ']"
72,extensive,MOD,relaxation,0,NOT_HEAD,"['S', 'VP', 'S', 'VP', 'VP', 'PP', 'NP', 'ADJP', 'SBAR', 'S', 'NP', 'NP', 'JJ']"
73,relaxation,OTH,is,3,"['such', 'extensive', 'relaxation', 'of', 'the', 'restrictions', 'in', 'the', 'Netherlands']","['S', 'VP', 'S', 'VP', 'VP', 'PP', 'NP', 'ADJP', 'SBAR', 'S', 'NP', 'NP', 'NN']"
74,of,PREP,relaxation,1,"['of', 'the', 'restrictions', 'in', 'the', 'Netherlands']","['S', 'VP', 'S', 'VP', 'VP', 'PP', 'NP', 'ADJP', 'SBAR', 'S', 'NP', 'PP', 'IN']"
75,the,OTH,restrictions,0,NOT_HEAD,"['S', 'VP', 'S', 'VP', 'VP', 'PP', 'NP', 'ADJP', 'SBAR', 'S', 'NP', 'PP', 'NP', 'NP', 'DT']"
76,restrictions,OTH,of,2,"['the', 'restrictions', 'in', 'the', 'Netherlands']","['S', 'VP', 'S', 'VP', 'VP', 'PP', 'NP', 'ADJP', 'SBAR', 'S', 'NP', 'PP', 'NP', 'NP', 'NNS']"
77,in,PREP,restrictions,1,"['in', 'the', 'Netherlands']","['S', 'VP', 'S', 'VP', 'VP', 'PP', 'NP', 'ADJP', 'SBAR', 'S', 'NP', 'PP', 'NP', 'PP', 'IN']"
78,the,OTH,Netherlands,0,NOT_HEAD,"['S', 'VP', 'S', 'VP', 'VP', 'PP', 'NP', 'ADJP', 'SBAR', 'S', 'NP', 'PP', 'NP', 'PP', 'NP', 'DT']"
79,Netherlands,OTH,in,1,"['the', 'Netherlands']","['S', 'VP', 'S', 'VP', 'VP', 'PP', 'NP', 'ADJP', 'SBAR', 'S', 'NP', 'PP', 'NP', 'PP', 'NP', 'NNPS']"
80,is,VERB,wants,3,"['whether', 'such', 'extensive', 'relaxation', 'of', 'the', 'restrictions', 'in', 'the', 'Netherlands', 'is', 'a', 'responsible', 'course', 'of', 'action']","['S', 'VP', 'S', 'VP', 'VP', 'PP', 'NP', 'ADJP', 'SBAR', 'S', 'VP', 'VBZ']"
81,a,OTH,course,0,NOT_HEAD,"['S', 'VP', 'S', 'VP', 'VP', 'PP', 'NP', 'ADJP', 'SBAR', 'S', 'VP', 'NP', 'NP', 'DT']"
82,responsible,MOD,course,0,NOT_HEAD,"['S', 'VP', 'S', 'VP', 'VP', 'PP', 'NP', 'ADJP', 'SBAR', 'S', 'VP', 'NP', 'NP', 'JJ']"
83,course,OTH,is,3,"['a', 'responsible', 'course', 'of', 'action']","['S', 'VP', 'S', 'VP', 'VP', 'PP', 'NP', 'ADJP', 'SBAR', 'S', 'VP', 'NP', 'NP', 'NN']"
84,of,PREP,course,1,"['of', 'action']","['S', 'VP', 'S', 'VP', 'VP', 'PP', 'NP', 'ADJP', 'SBAR', 'S', 'VP', 'NP', 'PP', 'IN']"
85,action,OTH,of,0,NOT_HEAD,"['S', 'VP', 'S', 'VP', 'VP', 'PP', 'NP', 'ADJP', 'SBAR', 'S', 'VP', 'NP', 'PP', 'NP', 'NN']"
86,.,OTH,wants,0,NOT_HEAD,"['S', '.']"
88,Coronavirus,MOD,infections,0,NOT_HEAD,"['S', 'PP', 'IN']"
89,infections,OTH,are,2,"['Coronavirus', 'infections', 'in', 'the', 'country']","['S', 'PP', 'NP', 'NNP']"
90,in,PREP,infections,1,"['in', 'the', 'country']","['S', 'PP', 'NP', 'CD']"
91,the,OTH,country,0,NOT_HEAD,"['S', ',']"
92,country,OTH,in,1,"['the', 'country']","['S', 'NP', 'NP', 'NN']"
93,are,VERB,are,6,"['Coronavirus', 'infections', 'in', 'the', 'country', 'are', 'currently', 'at', 'an', 'all', '-', 'time', 'high', ',', 'and', 'Covid-19', 'hospitalizations', 'have', 'been', 'rising', 'for', 'five', 'weeks', ',', 'but', 'intensive', 'care', 'admissions', 'have', 'remained', 'near', 'a', '100', '-', 'day', 'low', '.']","['S', 'NP', 'NP', 'NNS']"
94,currently,TUN,are,0,NOT_HEAD,"['S', 'NP', ',']"
95,at,PREP,are,1,"['at', 'an', 'all', '-', 'time', 'high']","['S', 'NP', 'NP', 'NNS']"
96,an,OTH,high,0,NOT_HEAD,"['S', 'NP', 'CC']"
97,all,OTH,time,0,NOT_HEAD,"['S', 'NP', 'NP', 'NP', 'NNS']"
98,-,OTH,time,0,NOT_HEAD,"['S', 'NP', 'NP', 'PP', 'IN']"
99,time,OTH,high,2,"['all', '-', 'time']","['S', 'NP', 'NP', 'PP', 'NP', 'VBN']"
100,high,OTH,at,2,"['an', 'all', '-', 'time', 'high']","['S', 'NP', 'NP', 'PP', 'NP', 'NN']"
101,",",OTH,are,0,NOT_HEAD,"['S', 'VP', 'MD']"
102,and,OTH,are,0,NOT_HEAD,"['S', 'VP', 'ADVP', 'RB']"
103,Covid-19,MOD,hospitalizations,0,NOT_HEAD,"['S', 'VP', 'VP', 'VB']"
104,hospitalizations,OTH,rising,1,"['Covid-19', 'hospitalizations']","['S', 'VP', 'VP', 'ADJP', 'JJ']"
105,have,OTH,rising,0,NOT_HEAD,"['S', 'VP', 'VP', 'ADJP', 'PP', 'IN']"
106,been,OTH,rising,0,NOT_HEAD,"['S', 'VP', 'VP', 'ADJP', 'PP', 'NP', 'NP', 'NNS']"
107,rising,OTH,are,8,"['Covid-19', 'hospitalizations', 'have', 'been', 'rising', 'for', 'five', 'weeks', ',', 'but', 'intensive', 'care', 'admissions', 'have', 'remained', 'near', 'a', '100', '-', 'day', 'low', '.']","['S', 'VP', 'VP', 'ADJP', 'PP', 'NP', 'SBAR', 'WHNP', 'WP']"
108,for,PREP,rising,1,"['for', 'five', 'weeks']","['S', 'VP', 'VP', 'ADJP', 'PP', 'NP', 'SBAR', 'S', 'VP', 'VBP']"
109,five,MOD,weeks,0,NOT_HEAD,"['S', 'VP', 'VP', 'ADJP', 'PP', 'NP', 'SBAR', 'S', 'VP', 'ADJP', 'JJ']"
110,weeks,OTH,for,1,"['five', 'weeks']","['S', 'VP', 'VP', 'ADJP', 'PP', 'NP', 'SBAR', 'S', 'VP', 'PP', 'IN']"
111,",",OTH,rising,0,NOT_HEAD,"['S', 'VP', 'VP', 'ADJP', 'PP', 'NP', 'SBAR', 'S', 'VP', 'PP', 'NP', 'DT']"
112,but,OTH,rising,0,NOT_HEAD,"['S', 'VP', 'VP', 'ADJP', 'PP', 'NP', 'SBAR', 'S', 'VP', 'PP', 'NP', 'NN']"
113,intensive,MOD,admissions,0,NOT_HEAD,"['S', 'VP', 'VP', 'ADJP', 'PP', 'NP', 'SBAR', 'S', 'VP', 'PP', 'NP', 'NN']"
114,care,MOD,admissions,0,NOT_HEAD,"['S', '.']"
115,admissions,OTH,remained,2,"['intensive', 'care', 'admissions']","['S', 'S', 'NP', 'NP', 'NN']"
116,have,OTH,remained,0,NOT_HEAD,"['S', 'S', 'NP', 'NP', 'NNS']"
117,remained,OTH,rising,3,"['intensive', 'care', 'admissions', 'have', 'remained', 'near', 'a', '100', '-', 'day', 'low']","['S', 'S', 'NP', 'PP', 'IN']"
118,near,PREP,remained,1,"['near', 'a', '100', '-', 'day', 'low']","['S', 'S', 'NP', 'PP', 'NP', 'DT']"
119,a,OTH,low,0,NOT_HEAD,"['S', 'S', 'NP', 'PP', 'NP', 'NN']"
120,100,MOD,day,0,NOT_HEAD,"['S', 'S', 'VP', 'VBP']"
121,-,OTH,day,0,NOT_HEAD,"['S', 'S', 'VP', 'ADVP', 'RB']"
122,day,MOD,low,2,"['100', '-', 'day']","['S', 'S', 'VP', 'PP', 'IN']"
123,low,OTH,near,2,"['a', '100', '-', 'day', 'low']","['S', 'S', 'VP', 'PP', 'NP', 'DT']"
124,.,OTH,rising,0,NOT_HEAD,"['S', 'S', 'VP', 'PP', 'NP', 'NML', 'DT']"
125,From,PREP,be,1,"['From', 'February', '25']","['S', 'S', 'VP', 'PP', 'NP', 'NML', 'HYPH']"
126,February,OTH,From,1,"['February', '25']","['S', 'S', 'VP', 'PP', 'NP', 'NML', 'NN']"
127,25,MOD,February,0,NOT_HEAD,"['S', 'S', 'VP', 'PP', 'NP', 'JJ']"
128,",",OTH,be,0,NOT_HEAD,"['S', ',']"
129,nightlife,MOD,locations,0,NOT_HEAD,"['S', 'CC']"
130,locations,OTH,be,4,"['nightlife', 'locations', ',', 'festivals', 'and', 'events', 'without', 'fixed', 'seating']","['S', 'S', 'NP', 'NML', 'NNP']"
131,",",OTH,locations,0,NOT_HEAD,"['S', 'S', 'NP', 'NML', 'CD']"
132,festivals,OTH,locations,2,"['festivals', 'and', 'events']","['S', 'S', 'NP', 'NNS']"
133,and,OTH,festivals,0,NOT_HEAD,"['S', 'S', 'VP', 'VBP']"
134,events,OTH,festivals,0,NOT_HEAD,"['S', 'S', 'VP', 'VP', 'VBN']"
135,without,PREP,locations,1,"['without', 'fixed', 'seating']","['S', 'S', 'VP', 'VP', 'VP', 'VBG']"
136,fixed,MOD,seating,0,NOT_HEAD,"['S', 'S', 'VP', 'VP', 'VP', 'PP', 'IN']"
137,seating,OTH,without,1,"['fixed', 'seating']","['S', 'S', 'VP', 'VP', 'VP', 'PP', 'NP', 'CD']"
138,may,OTH,be,0,NOT_HEAD,"['S', 'S', 'VP', 'VP', 'VP', 'PP', 'NP', 'NNS']"
139,already,TUN,be,0,NOT_HEAD,"['S', ',']"
140,be,VERB,be,7,"['From', 'February', '25', ',', 'nightlife', 'locations', ',', 'festivals', 'and', 'events', 'without', 'fixed', 'seating', 'may', 'already', 'be', 'open', 'to', 'people', 'who', 'test', 'negative', 'for', 'the', 'coronavirus', 'infection', '.']","['S', 'CC']"
141,open,OTH,be,1,"['open', 'to', 'people', 'who', 'test', 'negative', 'for', 'the', 'coronavirus', 'infection']","['S', 'S', 'NP', 'JJ']"
142,to,PREP,open,1,"['to', 'people', 'who', 'test', 'negative', 'for', 'the', 'coronavirus', 'infection']","['S', 'S', 'NP', 'NN']"
143,people,OTH,to,1,"['people', 'who', 'test', 'negative', 'for', 'the', 'coronavirus', 'infection']","['S', 'S', 'NP', 'NNS']"
144,who,OTH,test,0,NOT_HEAD,"['S', 'S', 'VP', 'VBP']"
145,test,MOD,people,3,"['who', 'test', 'negative', 'for', 'the', 'coronavirus', 'infection']","['S', 'S', 'VP', 'VP', 'VBN']"
146,negative,OTH,test,0,NOT_HEAD,"['S', 'S', 'VP', 'VP', 'PP', 'IN']"
147,for,PREP,test,1,"['for', 'the', 'coronavirus', 'infection']","['S', 'S', 'VP', 'VP', 'PP', 'NP', 'DT']"
148,the,OTH,infection,0,NOT_HEAD,"['S', 'S', 'VP', 'VP', 'PP', 'NP', 'NML', 'CD']"
149,coronavirus,MOD,infection,0,NOT_HEAD,"['S', 'S', 'VP', 'VP', 'PP', 'NP', 'NML', 'HYPH']"
150,infection,OTH,for,2,"['the', 'coronavirus', 'infection']","['S', 'S', 'VP', 'VP', 'PP', 'NP', 'NML', 'NN']"
151,.,OTH,be,0,NOT_HEAD,"['S', 'S', 'VP', 'VP', 'PP', 'NP', 'NN']"
153,These,OTH,changes,0,NOT_HEAD,"['S', '.']"
154,changes,OTH,expected,2,"['These', 'changes', 'to', 'policy', 'in', 'the', 'Netherlands']","['S', 'NP', 'NP', 'DT']"
155,to,OTH,policy,0,NOT_HEAD,"['S', 'NP', 'NP', 'NNS']"
156,policy,MOD,changes,2,"['to', 'policy', 'in', 'the', 'Netherlands']","['S', 'NP', 'PP', 'IN']"
157,in,PREP,policy,1,"['in', 'the', 'Netherlands']","['S', 'NP', 'PP', 'NP', 'NP', 'NN']"
158,the,OTH,Netherlands,0,NOT_HEAD,"['S', 'NP', 'PP', 'NP', 'PP', 'IN']"
159,Netherlands,OTH,in,1,"['the', 'Netherlands']","['S', 'NP', 'PP', 'NP', 'PP', 'NP', 'DT']"
160,are,OTH,expected,0,NOT_HEAD,"['S', 'NP', 'PP', 'NP', 'PP', 'NP', 'NNPS']"
161,expected,VERB,expected,4,"['These', 'changes', 'to', 'policy', 'in', 'the', 'Netherlands', 'are', 'expected', 'to', 'be', 'announced', 'at', 'a', 'press', 'conference', 'on', 'Tuesday', '.']","['S', 'VP', 'VBP']"
162,to,OTH,announced,0,NOT_HEAD,"['S', 'VP', 'VP', 'VBN']"
163,be,OTH,announced,0,NOT_HEAD,"['S', 'VP', 'VP', 'S', 'VP', 'TO']"
164,announced,VERB,expected,3,"['to', 'be', 'announced', 'at', 'a', 'press', 'conference', 'on', 'Tuesday']","['S', 'VP', 'VP', 'S', 'VP', 'VP', 'VB']"
165,at,PREP,announced,1,"['at', 'a', 'press', 'conference', 'on', 'Tuesday']","['S', 'VP', 'VP', 'S', 'VP', 'VP', 'VP', 'VBN']"
166,a,OTH,conference,0,NOT_HEAD,"['S', 'VP', 'VP', 'S', 'VP', 'VP', 'VP', 'PP', 'IN']"
167,press,MOD,conference,0,NOT_HEAD,"['S', 'VP', 'VP', 'S', 'VP', 'VP', 'VP', 'PP', 'NP', 'DT']"
168,conference,OTH,at,3,"['a', 'press', 'conference', 'on', 'Tuesday']","['S', 'VP', 'VP', 'S', 'VP', 'VP', 'VP', 'PP', 'NP', 'NN']"
169,on,PREP,conference,1,"['on', 'Tuesday']","['S', 'VP', 'VP', 'S', 'VP', 'VP', 'VP', 'PP', 'NP', 'NN']"
170,Tuesday,OTH,on,0,NOT_HEAD,"['S', 'VP', 'VP', 'S', 'VP', 'VP', 'VP', 'PP', 'IN']"
171,.,OTH,expected,0,NOT_HEAD,"['S', 'VP', 'VP', 'S', 'VP', 'VP', 'VP', 'PP', 'NP', 'NNP']"
173,This,OTH,week,0,NOT_HEAD,"['S', '.']"
174,week,OTH,said,1,"['This', 'week']","['S', 'NP', 'DT']"
175,",",OTH,said,0,NOT_HEAD,"['S', 'NP', 'NN']"
176,Kuipers,OTH,said,0,NOT_HEAD,"['S', ',']"
177,said,VERB,said,5,"""['This', 'week', ',', 'Kuipers', 'said', 'the', 'government', """"'s"""", 'new', 'focus', 'is', 'to', 'keep', 'society', 'open', ',', 'which', 'was', 'celebrated', 'by', 'the', 'mayors', 'on', 'the', 'Security', 'Council', '.']""","['S', 'NP', 'NNP']"
178,the,OTH,government,0,NOT_HEAD,"['S', 'VP', 'VP', 'VBD']"
179,government,MOD,focus,1,"""['the', 'government', """"'s""""]""","['S', 'VP', 'VP', 'SBAR', 'S', 'NP', 'NP', 'DT']"
180,'s,OTH,government,0,NOT_HEAD,"['S', 'VP', 'VP', 'SBAR', 'S', 'NP', 'NP', 'NN']"
181,new,MOD,focus,0,NOT_HEAD,"['S', 'VP', 'VP', 'SBAR', 'S', 'NP', 'NP', 'POS']"
182,focus,OTH,is,2,"""['the', 'government', """"'s"""", 'new', 'focus']""","['S', 'VP', 'VP', 'SBAR', 'S', 'NP', 'JJ']"
183,is,VERB,said,2,"""['the', 'government', """"'s"""", 'new', 'focus', 'is', 'to', 'keep', 'society', 'open', ',', 'which', 'was', 'celebrated', 'by', 'the', 'mayors', 'on', 'the', 'Security', 'Council']""","['S', 'VP', 'VP', 'SBAR', 'S', 'NP', 'NN']"
184,to,OTH,keep,0,NOT_HEAD,"['S', 'VP', 'VP', 'SBAR', 'S', 'VP', 'VBZ']"
185,keep,VERB,is,3,"['to', 'keep', 'society', 'open', ',', 'which', 'was', 'celebrated', 'by', 'the', 'mayors', 'on', 'the', 'Security', 'Council']","['S', 'VP', 'VP', 'SBAR', 'S', 'VP', 'S', 'VP', 'TO']"
186,society,MOD,open,0,NOT_HEAD,"['S', 'VP', 'VP', 'SBAR', 'S', 'VP', 'S', 'VP', 'VP', 'VB']"
187,open,OTH,keep,2,"['society', 'open', ',']","['S', 'VP', 'VP', 'SBAR', 'S', 'VP', 'S', 'VP', 'VP', 'NP', 'NN']"
188,",",OTH,open,0,NOT_HEAD,"['S', 'VP', 'VP', 'SBAR', 'S', 'VP', 'S', 'VP', 'VP', 'S', 'ADJP', 'JJ']"
189,which,OTH,celebrated,0,NOT_HEAD,"['S', 'VP', ',']"
190,was,OTH,celebrated,0,NOT_HEAD,"['S', 'VP', 'SBAR', 'WHNP', 'WDT']"
191,celebrated,MOD,keep,3,"['which', 'was', 'celebrated', 'by', 'the', 'mayors', 'on', 'the', 'Security', 'Council']","['S', 'VP', 'SBAR', 'S', 'VP', 'VBD']"
192,by,OTH,celebrated,1,"['by', 'the', 'mayors', 'on', 'the', 'Security', 'Council']","['S', 'VP', 'SBAR', 'S', 'VP', 'VP', 'VBN']"
193,the,OTH,mayors,0,NOT_HEAD,"['S', 'VP', 'SBAR', 'S', 'VP', 'VP', 'PP', 'IN']"
194,mayors,OTH,by,2,"['the', 'mayors', 'on', 'the', 'Security', 'Council']","['S', 'VP', 'SBAR', 'S', 'VP', 'VP', 'PP', 'NP', 'NP', 'DT']"
195,on,PREP,mayors,1,"['on', 'the', 'Security', 'Council']","['S', 'VP', 'SBAR', 'S', 'VP', 'VP', 'PP', 'NP', 'NP', 'NNS']"
196,the,OTH,Council,0,NOT_HEAD,"['S', 'VP', 'SBAR', 'S', 'VP', 'VP', 'PP', 'NP', 'PP', 'IN']"
197,Security,MOD,Council,0,NOT_HEAD,"['S', 'VP', 'SBAR', 'S', 'VP', 'VP', 'PP', 'NP', 'PP', 'NP', 'DT']"
198,Council,OTH,on,2,"['the', 'Security', 'Council']","['S', 'VP', 'SBAR', 'S', 'VP', 'VP', 'PP', 'NP', 'PP', 'NP', 'NNP']"
199,.,OTH,said,0,NOT_HEAD,"['S', 'VP', 'SBAR', 'S', 'VP', 'VP', 'PP', 'NP', 'PP', 'NP', 'NNP']"
201,If,OTH,think,0,NOT_HEAD,"['S', '.']"
202,the,OTH,experts,0,NOT_HEAD,"['S', 'SBAR', 'IN']"
203,experts,OTH,think,1,"['the', 'experts']","['S', 'SBAR', 'S', 'NP', 'DT']"
204,think,MOD,taken,2,"""['If', 'the', 'experts', 'think', 'it', """"'s"""", 'justified']""","['S', 'SBAR', 'S', 'NP', 'NNS']"
205,it,OTH,'s,0,NOT_HEAD,"['S', 'SBAR', 'S', 'VP', 'VBP']"
206,'s,VERB,think,2,"""['it', """"'s"""", 'justified']""","['S', 'SBAR', 'S', 'VP', 'SBAR', 'S', 'NP', 'PRP']"
207,justified,OTH,'s,0,NOT_HEAD,"['S', 'SBAR', 'S', 'VP', 'SBAR', 'S', 'VP', 'VBZ']"
208,",",OTH,taken,0,NOT_HEAD,"['S', 'SBAR', 'S', 'VP', 'SBAR', 'S', 'VP', 'ADJP', 'VBN']"
209,further,MOD,steps,0,NOT_HEAD,"['S', ',']"
210,steps,OTH,taken,1,"['further', 'steps']","['S', 'NP', 'JJ']"
211,will,OTH,taken,0,NOT_HEAD,"['S', 'NP', 'NNS']"
212,probably,TUN,taken,0,NOT_HEAD,"['S', 'VP', 'MD']"
213,be,OTH,taken,0,NOT_HEAD,"['S', 'VP', 'ADVP', 'RB']"
214,taken,VERB,taken,8,"""['If', 'the', 'experts', 'think', 'it', """"'s"""", 'justified', ',', 'further', 'steps', 'will', 'probably', 'be', 'taken', 'at', 'the', 'beginning', 'of', 'March', '.']""","['S', 'VP', 'VP', 'VB']"
215,at,PREP,taken,1,"['at', 'the', 'beginning', 'of', 'March']","['S', 'VP', 'VP', 'VP', 'VBN']"
216,the,OTH,beginning,0,NOT_HEAD,"['S', 'VP', 'VP', 'VP', 'PP', 'IN']"
217,beginning,OTH,at,2,"['the', 'beginning', 'of', 'March']","['S', 'VP', 'VP', 'VP', 'PP', 'NP', 'NP', 'DT']"
218,of,PREP,beginning,1,"['of', 'March']","['S', 'VP', 'VP', 'VP', 'PP', 'NP', 'NP', 'NN']"
219,March,OTH,of,0,NOT_HEAD,"['S', 'VP', 'VP', 'VP', 'PP', 'NP', 'PP', 'IN']"
220,.,OTH,taken,0,NOT_HEAD,"['S', 'VP', 'VP', 'VP', 'PP', 'NP', 'PP', 'NP', 'NNP']"
222,These,OTH,relaxations,0,NOT_HEAD,"['S', '.']"
223,relaxations,OTH,announced,1,"['These', 'relaxations']","['S', 'S', 'NP', 'DT']"
224,may,OTH,announced,0,NOT_HEAD,"['S', 'S', 'NP', 'NNS']"
225,be,OTH,announced,0,NOT_HEAD,"['S', 'S', 'VP', 'MD']"
226,announced,VERB,announced,7,"['These', 'relaxations', 'may', 'be', 'announced', 'at', 'a', 'press', 'conference', 'on', 'March', '8', ',', 'but', 'that', 'is', 'not', 'yet', 'certain', '.']","['S', 'S', 'VP', 'VP', 'VB']"
227,at,PREP,announced,1,"['at', 'a', 'press', 'conference', 'on', 'March', '8']","['S', 'S', 'VP', 'VP', 'VP', 'VBN']"
228,a,OTH,conference,0,NOT_HEAD,"['S', 'S', 'VP', 'VP', 'VP', 'PP', 'IN']"
229,press,MOD,conference,0,NOT_HEAD,"['S', 'S', 'VP', 'VP', 'VP', 'PP', 'NP', 'DT']"
230,conference,OTH,at,3,"['a', 'press', 'conference', 'on', 'March', '8']","['S', 'S', 'VP', 'VP', 'VP', 'PP', 'NP', 'NN']"
231,on,PREP,conference,1,"['on', 'March', '8']","['S', 'S', 'VP', 'VP', 'VP', 'PP', 'NP', 'NN']"
232,March,OTH,on,1,"['March', '8']","['S', 'S', 'VP', 'VP', 'VP', 'PP', 'IN']"
233,8,MOD,March,0,NOT_HEAD,"['S', 'S', 'VP', 'VP', 'VP', 'PP', 'NP', 'NNP']"
234,",",OTH,announced,0,NOT_HEAD,"['S', 'S', 'VP', 'VP', 'VP', 'PP', 'NP', 'CD']"
235,but,OTH,announced,0,NOT_HEAD,"['S', ',']"
236,that,OTH,is,0,NOT_HEAD,"['S', 'CC']"
237,is,OTH,announced,5,"['that', 'is', 'not', 'yet', 'certain', '.']","['S', 'S', 'NP', 'DT']"
238,not,INV,is,0,NOT_HEAD,"['S', 'S', 'VP', 'VBZ']"
239,yet,TUN,is,0,NOT_HEAD,"['S', 'S', 'VP', 'RB']"
240,certain,OTH,is,0,NOT_HEAD,"['S', 'S', 'VP', 'ADVP', 'RB']"
241,.,OTH,is,0,NOT_HEAD,"['S', 'S', 'VP', 'ADJP', 'JJ']"
243,Earlier,TUN,emerged,1,"['Earlier', 'in', 'the', 'day']","['S', '.']"
244,in,PREP,Earlier,1,"['in', 'the', 'day']","['S', 'ADVP', 'RBR']"
245,the,OTH,day,0,NOT_HEAD,"['S', 'ADVP', 'PP', 'IN']"
246,day,OTH,in,1,"['the', 'day']","['S', 'ADVP', 'PP', 'NP', 'DT']"
247,it,OTH,emerged,0,NOT_HEAD,"['S', 'ADVP', 'PP', 'NP', 'NN']"
248,was,OTH,emerged,0,NOT_HEAD,"['S', 'NP', 'PRP']"
249,emerged,VERB,emerged,5,"['Earlier', 'in', 'the', 'day', 'it', 'was', 'emerged', 'that', 'the', 'Cabinet', 'wants', 'to', 'extend', 'the', 'opening', 'hours', 'for', 'the', 'hospitality', 'industry', ',', 'theaters', 'and', 'cinemas', 'next', 'week', '.']","['S', 'VP', 'VBD']"
250,that,OTH,wants,0,NOT_HEAD,"['S', 'VP', 'VP', 'VBN']"
251,the,OTH,Cabinet,0,NOT_HEAD,"['S', 'VP', 'VP', 'SBAR', 'IN']"
252,Cabinet,OTH,wants,1,"['the', 'Cabinet']","['S', 'VP', 'VP', 'SBAR', 'S', 'NP', 'DT']"
253,wants,VERB,emerged,3,"['that', 'the', 'Cabinet', 'wants', 'to', 'extend', 'the', 'opening', 'hours', 'for', 'the', 'hospitality', 'industry', ',', 'theaters', 'and', 'cinemas', 'next', 'week']","['S', 'VP', 'VP', 'SBAR', 'S', 'NP', 'NNP']"
254,to,OTH,extend,0,NOT_HEAD,"['S', 'VP', 'VP', 'SBAR', 'S', 'VP', 'VBZ']"
255,extend,VERB,wants,3,"['to', 'extend', 'the', 'opening', 'hours', 'for', 'the', 'hospitality', 'industry', ',', 'theaters', 'and', 'cinemas', 'next', 'week']","['S', 'VP', 'VP', 'SBAR', 'S', 'VP', 'S', 'VP', 'TO']"
256,the,OTH,hours,0,NOT_HEAD,"['S', 'VP', 'VP', 'SBAR', 'S', 'VP', 'S', 'VP', 'VP', 'VB']"
257,opening,MOD,hours,0,NOT_HEAD,"['S', 'VP', 'VP', 'SBAR', 'S', 'VP', 'S', 'VP', 'VP', 'NP', 'NP', 'DT']"
258,hours,OTH,extend,3,"['the', 'opening', 'hours', 'for', 'the', 'hospitality', 'industry', ',', 'theaters', 'and', 'cinemas']","['S', 'VP', 'VP', 'SBAR', 'S', 'VP', 'S', 'VP', 'VP', 'NP', 'NP', 'NN']"
259,for,PREP,hours,1,"['for', 'the', 'hospitality', 'industry', ',', 'theaters', 'and', 'cinemas']","['S', 'VP', 'VP', 'SBAR', 'S', 'VP', 'S', 'VP', 'VP', 'NP', 'NP', 'NNS']"
260,the,OTH,industry,0,NOT_HEAD,"['S', 'VP', 'VP', 'SBAR', 'S', 'VP', 'S', 'VP', 'VP', 'NP', 'PP', 'IN']"
261,hospitality,MOD,industry,0,NOT_HEAD,"['S', 'VP', 'VP', 'SBAR', 'S', 'VP', 'S', 'VP', 'VP', 'NP', 'PP', 'NP', 'NP', 'DT']"
262,industry,OTH,for,4,"['the', 'hospitality', 'industry', ',', 'theaters', 'and', 'cinemas']","['S', 'VP', 'VP', 'SBAR', 'S', 'VP', 'S', 'VP', 'VP', 'NP', 'PP', 'NP', 'NP', 'NN']"
263,",",OTH,industry,0,NOT_HEAD,"['S', 'VP', 'VP', 'SBAR', 'S', 'VP', 'S', 'VP', 'VP', 'NP', 'PP', 'NP', 'NP', 'NN']"
264,theaters,OTH,industry,2,"['theaters', 'and', 'cinemas']","['S', 'VP', 'VP', 'SBAR', 'S', 'VP', 'S', 'VP', 'VP', 'NP', 'PP', 'NP', ',']"
265,and,OTH,theaters,0,NOT_HEAD,"['S', 'VP', 'VP', 'SBAR', 'S', 'VP', 'S', 'VP', 'VP', 'NP', 'PP', 'NP', 'NP', 'NNS']"
266,cinemas,OTH,theaters,0,NOT_HEAD,"['S', 'VP', 'VP', 'SBAR', 'S', 'VP', 'S', 'VP', 'VP', 'NP', 'PP', 'NP', 'CC']"
267,next,MOD,week,0,NOT_HEAD,"['S', 'VP', 'VP', 'SBAR', 'S', 'VP', 'S', 'VP', 'VP', 'NP', 'PP', 'NP', 'NP', 'NNS']"
268,week,OTH,extend,1,"['next', 'week']","['S', 'VP', 'VP', 'SBAR', 'S', 'VP', 'S', 'VP', 'VP', 'NP', 'JJ']"
269,.,OTH,emerged,0,NOT_HEAD,"['S', 'VP', 'VP', 'SBAR', 'S', 'VP', 'S', 'VP', 'VP', 'NP', 'NN']"
271,The,OTH,time,0,NOT_HEAD,"['S', '.']"
272,exact,MOD,time,0,NOT_HEAD,"['S', 'NP', 'NP', 'DT']"
273,time,OTH,discussed,3,"['The', 'exact', 'time', 'of', 'closure']","['S', 'NP', 'NP', 'JJ']"
274,of,PREP,time,1,"['of', 'closure']","['S', 'NP', 'NP', 'NN']"
275,closure,OTH,of,0,NOT_HEAD,"['S', 'NP', 'PP', 'IN']"
276,is,OTH,discussed,0,NOT_HEAD,"['S', 'NP', 'PP', 'NP', 'NN']"
277,still,TUN,discussed,0,NOT_HEAD,"['S', 'VP', 'VBZ']"
278,being,OTH,discussed,0,NOT_HEAD,"['S', 'VP', 'ADVP', 'RB']"
279,discussed,VERB,discussed,5,"['The', 'exact', 'time', 'of', 'closure', 'is', 'still', 'being', 'discussed', '.']","['S', 'VP', 'VP', 'VBG']"
280,.,OTH,discussed,0,NOT_HEAD,"['S', 'VP', 'VP', 'VP', 'VBN']"
282,These,OTH,businesses,0,NOT_HEAD,"['S', '.']"
283,businesses,OTH,have,1,"['These', 'businesses']","['S', 'NP', 'DT']"
284,currently,TUN,have,0,NOT_HEAD,"['S', 'NP', 'NNS']"
285,have,VERB,have,5,"['These', 'businesses', 'currently', 'have', 'to', 'close', 'at', '10', 'p.m.', 'Customers', 'may', 'no', 'longer', 'have', 'to', 'remain', 'in', 'assigned', 'seats', ',', 'and', 'social', 'distancing', 'requirements', 'in', 'the', 'hospitality', 'and', 'cultural', 'sector', 'could', 'disappear', ',', 'allowing', 'them', 'to', 'increase', 'attendance', 'to', 'maximum', 'capacity', '.']","['S', 'ADVP', 'RB']"
286,to,OTH,close,0,NOT_HEAD,"['S', 'VP', 'VBP']"
287,close,VERB,have,2,"['to', 'close', 'at', '10', 'p.m.']","['S', 'VP', 'S', 'VP', 'TO']"
288,at,PREP,close,1,"['at', '10', 'p.m.']","['S', 'VP', 'S', 'VP', 'VP', 'VB']"
289,10,MOD,p.m.,0,NOT_HEAD,"['S', 'VP', 'S', 'VP', 'VP', 'PP', 'IN']"
290,p.m.,OTH,at,1,"['10', 'p.m.']","['S', 'VP', 'S', 'VP', 'VP', 'PP', 'NP', 'CD']"
291,Customers,OTH,have,0,NOT_HEAD,"['S', 'VP', 'S', 'VP', 'VP', 'PP', 'NP', 'NN']"
292,may,OTH,have,0,NOT_HEAD,"['S', '.']"
293,no,INV,longer,0,NOT_HEAD,"['S', 'S', 'NP', 'NNS']"
294,longer,TUN,have,1,"['no', 'longer']","['S', 'S', 'VP', 'MD']"
295,have,OTH,have,7,"['Customers', 'may', 'no', 'longer', 'have', 'to', 'remain', 'in', 'assigned', 'seats', ',', 'and', 'social', 'distancing', 'requirements', 'in', 'the', 'hospitality', 'and', 'cultural', 'sector', 'could', 'disappear', ',', 'allowing', 'them', 'to', 'increase', 'attendance', 'to', 'maximum', 'capacity']","['S', 'S', 'VP', 'ADVP', 'RB']"
296,to,OTH,remain,0,NOT_HEAD,"['S', 'S', 'VP', 'ADVP', 'RBR']"
297,remain,VERB,have,2,"['to', 'remain', 'in', 'assigned', 'seats']","['S', 'S', 'VP', 'VP', 'VB']"
298,in,PREP,remain,1,"['in', 'assigned', 'seats']","['S', 'S', 'VP', 'VP', 'S', 'VP', 'TO']"
299,assigned,MOD,seats,0,NOT_HEAD,"['S', 'S', 'VP', 'VP', 'S', 'VP', 'VP', 'VB']"
300,seats,OTH,in,1,"['assigned', 'seats']","['S', 'S', 'VP', 'VP', 'S', 'VP', 'VP', 'PP', 'IN']"
301,",",OTH,have,0,NOT_HEAD,"['S', 'S', 'VP', 'VP', 'S', 'VP', 'VP', 'PP', 'NP', 'VBN']"
302,and,OTH,have,0,NOT_HEAD,"['S', 'S', 'VP', 'VP', 'S', 'VP', 'VP', 'PP', 'NP', 'NNS']"
303,social,MOD,requirements,0,NOT_HEAD,"['S', ',']"
304,distancing,MOD,requirements,0,NOT_HEAD,"['S', 'CC']"
305,requirements,OTH,disappear,3,"['social', 'distancing', 'requirements', 'in', 'the', 'hospitality', 'and', 'cultural', 'sector']","['S', 'S', 'NP', 'NP', 'JJ']"
306,in,PREP,requirements,1,"['in', 'the', 'hospitality', 'and', 'cultural', 'sector']","['S', 'S', 'NP', 'NP', 'VBG']"
307,the,OTH,hospitality,0,NOT_HEAD,"['S', 'S', 'NP', 'NP', 'NNS']"
308,hospitality,OTH,in,3,"['the', 'hospitality', 'and', 'cultural', 'sector']","['S', 'S', 'NP', 'PP', 'IN']"
309,and,OTH,hospitality,0,NOT_HEAD,"['S', 'S', 'NP', 'PP', 'NP', 'DT']"
310,cultural,MOD,sector,0,NOT_HEAD,"['S', 'S', 'NP', 'PP', 'NP', 'NML', 'NN']"
311,sector,OTH,hospitality,1,"['cultural', 'sector']","['S', 'S', 'NP', 'PP', 'NP', 'NML', 'CC']"
312,could,OTH,disappear,0,NOT_HEAD,"['S', 'S', 'NP', 'PP', 'NP', 'NML', 'JJ']"
313,disappear,OTH,have,4,"['social', 'distancing', 'requirements', 'in', 'the', 'hospitality', 'and', 'cultural', 'sector', 'could', 'disappear', ',', 'allowing', 'them', 'to', 'increase', 'attendance', 'to', 'maximum', 'capacity']","['S', 'S', 'NP', 'PP', 'NP', 'NN']"
314,",",OTH,disappear,0,NOT_HEAD,"['S', 'S', 'VP', 'MD']"
315,allowing,MOD,disappear,1,"['allowing', 'them', 'to', 'increase', 'attendance', 'to', 'maximum', 'capacity']","['S', 'S', 'VP', 'VP', 'VB']"
316,them,OTH,increase,0,NOT_HEAD,"['S', ',']"
317,to,OTH,increase,0,NOT_HEAD,"['S', 'S', 'VP', 'VBG']"
318,increase,VERB,allowing,3,"['them', 'to', 'increase', 'attendance', 'to', 'maximum', 'capacity']","['S', 'S', 'VP', 'S', 'NP', 'PRP']"
319,attendance,OTH,increase,1,"['attendance', 'to', 'maximum', 'capacity']","['S', 'S', 'VP', 'S', 'VP', 'TO']"
320,to,PREP,attendance,1,"['to', 'maximum', 'capacity']","['S', 'S', 'VP', 'S', 'VP', 'VP', 'VB']"
321,maximum,MOD,capacity,0,NOT_HEAD,"['S', 'S', 'VP', 'S', 'VP', 'VP', 'NP', 'NN']"
322,capacity,OTH,to,1,"['maximum', 'capacity']","['S', 'S', 'VP', 'S', 'VP', 'VP', 'PP', 'IN']"
323,.,OTH,have,0,NOT_HEAD,"['S', 'S', 'VP', 'S', 'VP', 'VP', 'PP', 'NP', 'JJ']"
325,Furthermore,TUN,disappear,0,NOT_HEAD,"['S', 'S', 'VP', 'S', 'VP', 'VP', 'PP', 'NP', 'NN']"
326,",",OTH,disappear,0,NOT_HEAD,"['S', '.']"
327,according,PREP,disappear,1,"['according', 'to', 'sources', 'close', 'to', 'the', 'Cabinet']","['S', 'ADVP', 'RB']"
328,to,PREP,according,1,"['to', 'sources', 'close', 'to', 'the', 'Cabinet']","['S', ',']"
329,sources,OTH,to,1,"['sources', 'close', 'to', 'the', 'Cabinet']","['S', 'PP', 'VBG']"
330,close,MOD,sources,1,"['close', 'to', 'the', 'Cabinet']","['S', 'PP', 'PP', 'IN']"
331,to,PREP,close,1,"['to', 'the', 'Cabinet']","['S', 'PP', 'PP', 'NP', 'NP', 'NNS']"
332,the,OTH,Cabinet,0,NOT_HEAD,"['S', 'PP', 'PP', 'NP', 'ADJP', 'JJ']"
333,Cabinet,OTH,to,1,"['the', 'Cabinet']","['S', 'PP', 'PP', 'NP', 'ADJP', 'PP', 'IN']"
334,",",OTH,disappear,0,NOT_HEAD,"['S', 'PP', 'PP', 'NP', 'ADJP', 'PP', 'NP', 'DT']"
335,the,OTH,advice,0,NOT_HEAD,"['S', 'PP', 'PP', 'NP', 'ADJP', 'PP', 'NP', 'NNP']"
336,advice,OTH,disappear,2,"['the', 'advice', 'to', 'work', 'from', 'home']","['S', ',']"
337,to,OTH,work,0,NOT_HEAD,"['S', 'NP', 'DT']"
338,work,MOD,advice,2,"['to', 'work', 'from', 'home']","['S', 'NP', 'NN']"
339,from,PREP,work,1,"['from', 'home']","['S', 'NP', 'S', 'VP', 'TO']"
340,home,OTH,from,0,NOT_HEAD,"['S', 'NP', 'S', 'VP', 'VP', 'VB']"
341,will,OTH,disappear,0,NOT_HEAD,"['S', 'NP', 'S', 'VP', 'VP', 'PP', 'IN']"
342,also,TUN,disappear,0,NOT_HEAD,"['S', 'NP', 'S', 'VP', 'VP', 'PP', 'NP', 'NN']"
343,disappear,VERB,disappear,8,"['Furthermore', ',', 'according', 'to', 'sources', 'close', 'to', 'the', 'Cabinet', ',', 'the', 'advice', 'to', 'work', 'from', 'home', 'will', 'also', 'disappear', '.']","['S', 'VP', 'MD']"
344,.,OTH,disappear,0,NOT_HEAD,"['S', 'VP', 'ADVP', 'RB']"
346,The,OTH,advice,0,NOT_HEAD,"['S', 'VP', 'VP', 'VB']"
347,current,MOD,advice,0,NOT_HEAD,"['S', '.']"
348,advice,OTH,been,2,"['The', 'current', 'advice']","['S', 'NP', 'DT']"
349,has,OTH,been,0,NOT_HEAD,"['S', 'NP', 'JJ']"
350,been,VERB,been,5,"['The', 'current', 'advice', 'has', 'been', 'in', 'effect', 'since', 'November', '26', '.']","['S', 'NP', 'NN']"
351,in,PREP,been,1,"['in', 'effect']","['S', 'VP', 'VBZ']"
352,effect,OTH,in,0,NOT_HEAD,"['S', 'VP', 'VP', 'VBN']"
353,since,PREP,been,1,"['since', 'November', '26']","['S', 'VP', 'VP', 'PP', 'IN']"
354,November,OTH,since,1,"['November', '26']","['S', 'VP', 'VP', 'PP', 'NP', 'NN']"
355,26,MOD,November,0,NOT_HEAD,"['S', 'VP', 'VP', 'PP', 'IN']"
356,.,OTH,been,0,NOT_HEAD,"['S', 'VP', 'VP', 'PP', 'NP', 'NNP']"
358,It,OTH,announced,0,NOT_HEAD,"['S', 'VP', 'VP', 'PP', 'NP', 'CD']"
359,will,OTH,announced,0,NOT_HEAD,"['S', '.']"
360,also,TUN,announced,0,NOT_HEAD,"['S', 'NP', 'PRP']"
361,probably,TUN,announced,0,NOT_HEAD,"['S', 'VP', 'MD']"
362,be,OTH,announced,0,NOT_HEAD,"['S', 'VP', 'ADVP', 'RB']"
363,announced,VERB,announced,8,"['It', 'will', 'also', 'probably', 'be', 'announced', 'next', 'week', 'that', 'the', 'restriction', 'to', 'receive', 'a', 'maximum', 'of', 'four', 'people', 'at', 'home', 'will', 'be', 'lifted', '.']","['S', 'VP', 'ADVP', 'RB']"
364,next,MOD,week,0,NOT_HEAD,"['S', 'VP', 'VP', 'VB']"
365,week,OTH,announced,1,"['next', 'week']","['S', 'VP', 'VP', 'VP', 'VBN']"
366,that,OTH,lifted,0,NOT_HEAD,"['S', 'VP', 'VP', 'VP', 'NP', 'JJ']"
367,the,OTH,restriction,0,NOT_HEAD,"['S', 'VP', 'VP', 'VP', 'NP', 'NN']"
368,restriction,OTH,lifted,2,"['the', 'restriction', 'to', 'receive', 'a', 'maximum']","['S', 'VP', 'VP', 'VP', 'SBAR', 'IN']"
369,to,OTH,receive,0,NOT_HEAD,"['S', 'VP', 'VP', 'VP', 'SBAR', 'S', 'NP', 'DT']"
370,receive,MOD,restriction,2,"['to', 'receive', 'a', 'maximum']","['S', 'VP', 'VP', 'VP', 'SBAR', 'S', 'NP', 'NN']"
371,a,OTH,maximum,0,NOT_HEAD,"['S', 'VP', 'VP', 'VP', 'SBAR', 'S', 'NP', 'S', 'VP', 'TO']"
372,maximum,OTH,receive,1,"['a', 'maximum']","['S', 'VP', 'VP', 'VP', 'SBAR', 'S', 'NP', 'S', 'VP', 'VP', 'VB']"
373,of,MOD,four,0,NOT_HEAD,"['S', 'VP', 'VP', 'VP', 'SBAR', 'S', 'NP', 'S', 'VP', 'VP', 'NP', 'NP', 'DT']"
374,four,MOD,people,1,"['of', 'four']","['S', 'VP', 'VP', 'VP', 'SBAR', 'S', 'NP', 'S', 'VP', 'VP', 'NP', 'NP', 'NN']"
375,people,OTH,lifted,2,"['of', 'four', 'people', 'at', 'home']","['S', 'VP', 'VP', 'VP', 'SBAR', 'S', 'NP', 'S', 'VP', 'VP', 'NP', 'PP', 'IN']"
376,at,PREP,people,1,"['at', 'home']","['S', 'VP', 'VP', 'VP', 'SBAR', 'S', 'NP', 'S', 'VP', 'VP', 'NP', 'PP', 'NP', 'CD']"
377,home,OTH,at,0,NOT_HEAD,"['S', 'VP', 'VP', 'VP', 'SBAR', 'S', 'NP', 'S', 'VP', 'VP', 'NP', 'PP', 'NP', 'NNS']"
378,will,OTH,lifted,0,NOT_HEAD,"['S', 'VP', 'VP', 'VP', 'SBAR', 'S', 'NP', 'S', 'VP', 'VP', 'PP', 'IN']"
379,be,OTH,lifted,0,NOT_HEAD,"['S', 'VP', 'VP', 'VP', 'SBAR', 'S', 'NP', 'S', 'VP', 'VP', 'PP', 'NP', 'NN']"
380,lifted,VERB,announced,5,"['that', 'the', 'restriction', 'to', 'receive', 'a', 'maximum', 'of', 'four', 'people', 'at', 'home', 'will', 'be', 'lifted']","['S', 'VP', 'VP', 'VP', 'SBAR', 'S', 'VP', 'MD']"
381,.,OTH,announced,0,NOT_HEAD,"['S', 'VP', 'VP', 'VP', 'SBAR', 'S', 'VP', 'VP', 'VB']"
383,The,OTH,Cabinet,0,NOT_HEAD,"['S', 'VP', 'VP', 'VP', 'SBAR', 'S', 'VP', 'VP', 'VP', 'VBN']"
384,Cabinet,OTH,is,1,"['The', 'Cabinet']","['S', '.']"
385,is,VERB,is,3,"""['The', 'Cabinet', 'is', '""""', 'cautiously', 'optimistic', '""""', 'about', 'hospital', 'admissions', '.']""","['S', 'NP', 'DT']"
386,"""",OTH,optimistic,0,NOT_HEAD,"['S', 'NP', 'NNP']"
387,cautiously,TUN,optimistic,0,NOT_HEAD,"['S', 'VP', 'VBZ']"
388,optimistic,OTH,is,4,"""['""""', 'cautiously', 'optimistic', '""""', 'about', 'hospital', 'admissions']""","['S', 'VP', 'ADVP', '``']"
389,"""",OTH,optimistic,0,NOT_HEAD,"['S', 'VP', 'ADJP', 'ADJP', 'RB']"
390,about,PREP,optimistic,1,"['about', 'hospital', 'admissions']","['S', 'VP', 'ADJP', 'ADJP', 'JJ']"
391,hospital,MOD,admissions,0,NOT_HEAD,"['S', 'VP', 'ADJP', ""''""]"
392,admissions,OTH,about,1,"['hospital', 'admissions']","['S', 'VP', 'ADJP', 'PP', 'IN']"
393,.,OTH,is,0,NOT_HEAD,"['S', 'VP', 'ADJP', 'PP', 'NP', 'NN']"
395,These,OTH,increased,0,NOT_HEAD,"['S', 'VP', 'ADJP', 'PP', 'NP', 'NNS']"
396,have,OTH,increased,0,NOT_HEAD,"['S', '.']"
397,increased,VERB,increased,7,"['These', 'have', 'increased', 'over', 'the', 'last', 'five', 'weeks', ',', 'but', 'at', 'a', 'much', 'lower', 'rate', 'compared', 'to', 'the', 'enormous', 'numbers', 'of', 'positive', 'infections', 'linked', 'to', 'the', 'Omicron', 'virus', '.']","['S', 'S', 'NP', 'DT']"
398,over,PREP,increased,1,"['over', 'the', 'last', 'five', 'weeks']","['S', 'S', 'VP', 'VBP']"
399,the,OTH,weeks,0,NOT_HEAD,"['S', 'S', 'VP', 'VP', 'VBN']"
400,last,MOD,weeks,0,NOT_HEAD,"['S', 'S', 'VP', 'VP', 'PP', 'IN']"
401,five,MOD,weeks,0,NOT_HEAD,"['S', 'S', 'VP', 'VP', 'PP', 'NP', 'DT']"
402,weeks,OTH,over,3,"['the', 'last', 'five', 'weeks']","['S', 'S', 'VP', 'VP', 'PP', 'NP', 'JJ']"
403,",",OTH,increased,0,NOT_HEAD,"['S', 'S', 'VP', 'VP', 'PP', 'NP', 'CD']"
404,but,OTH,increased,0,NOT_HEAD,"['S', 'S', 'VP', 'VP', 'PP', 'NP', 'NNS']"
405,at,OTH,increased,1,"['at', 'a', 'much', 'lower', 'rate', 'compared', 'to', 'the', 'enormous', 'numbers', 'of', 'positive', 'infections', 'linked', 'to', 'the', 'Omicron', 'virus']","['S', ',']"
406,a,OTH,rate,0,NOT_HEAD,"['S', 'CC']"
407,much,TUN,lower,0,NOT_HEAD,"['S', 'S', 'PP', 'IN']"
408,lower,MOD,rate,1,"['much', 'lower']","['S', 'S', 'PP', 'NP', 'DT']"
409,rate,OTH,at,3,"['a', 'much', 'lower', 'rate', 'compared', 'to', 'the', 'enormous', 'numbers', 'of', 'positive', 'infections', 'linked', 'to', 'the', 'Omicron', 'virus']","['S', 'S', 'PP', 'NP', 'ADJP', 'RB']"
410,compared,PREP,rate,1,"['compared', 'to', 'the', 'enormous', 'numbers', 'of', 'positive', 'infections', 'linked', 'to', 'the', 'Omicron', 'virus']","['S', 'S', 'PP', 'NP', 'ADJP', 'JJR']"
411,to,PREP,compared,1,"['to', 'the', 'enormous', 'numbers', 'of', 'positive', 'infections', 'linked', 'to', 'the', 'Omicron', 'virus']","['S', 'S', 'PP', 'NP', 'NN']"
412,the,OTH,numbers,0,NOT_HEAD,"['S', 'S', 'PP', 'VBN']"
413,enormous,MOD,numbers,0,NOT_HEAD,"['S', 'S', 'PP', 'PP', 'IN']"
414,numbers,OTH,to,3,"['the', 'enormous', 'numbers', 'of', 'positive', 'infections', 'linked', 'to', 'the', 'Omicron', 'virus']","['S', 'S', 'PP', 'PP', 'NP', 'NP', 'DT']"
415,of,PREP,numbers,1,"['of', 'positive', 'infections', 'linked', 'to', 'the', 'Omicron', 'virus']","['S', 'S', 'PP', 'PP', 'NP', 'NP', 'JJ']"
416,positive,MOD,infections,0,NOT_HEAD,"['S', 'S', 'PP', 'PP', 'NP', 'NP', 'NNS']"
417,infections,OTH,of,2,"['positive', 'infections', 'linked', 'to', 'the', 'Omicron', 'virus']","['S', 'S', 'PP', 'PP', 'NP', 'PP', 'IN']"
418,linked,MOD,infections,1,"['linked', 'to', 'the', 'Omicron', 'virus']","['S', 'S', 'PP', 'PP', 'NP', 'PP', 'NP', 'NP', 'JJ']"
419,to,PREP,linked,1,"['to', 'the', 'Omicron', 'virus']","['S', 'S', 'PP', 'PP', 'NP', 'PP', 'NP', 'NP', 'NNS']"
420,the,OTH,virus,0,NOT_HEAD,"['S', 'S', 'PP', 'PP', 'NP', 'PP', 'NP', 'VP', 'VBN']"
421,Omicron,MOD,virus,0,NOT_HEAD,"['S', 'S', 'PP', 'PP', 'NP', 'PP', 'NP', 'VP', 'PP', 'IN']"
422,virus,OTH,to,2,"['the', 'Omicron', 'virus']","['S', 'S', 'PP', 'PP', 'NP', 'PP', 'NP', 'VP', 'PP', 'NP', 'DT']"
423,.,OTH,increased,0,NOT_HEAD,"['S', 'S', 'PP', 'PP', 'NP', 'PP', 'NP', 'VP', 'PP', 'NP', 'NNP']"
425,"""",OTH,is,0,NOT_HEAD,"['S', 'S', 'PP', 'PP', 'NP', 'PP', 'NP', 'VP', 'PP', 'NP', 'NN']"
426,The,OTH,number,0,NOT_HEAD,"['S', '.']"
427,number,OTH,is,2,"['The', 'number', 'of', 'infections']","['S', 'SBAR', '``']"
428,of,PREP,number,1,"['of', 'infections']","['S', 'SBAR', 'S', 'NP', 'NP', 'DT']"
429,infections,OTH,of,0,NOT_HEAD,"['S', 'SBAR', 'S', 'NP', 'NP', 'NN']"
430,is,VERB,said,6,"""['""""', 'The', 'number', 'of', 'infections', 'is', 'very', 'high', ',', 'but', 'fortunately', 'the', 'pressure', 'on', 'healthcare', 'is', 'not', 'too', 'bad']""","['S', 'SBAR', 'S', 'NP', 'PP', 'IN']"
431,very,TUN,high,0,NOT_HEAD,"['S', 'SBAR', 'S', 'NP', 'PP', 'NP', 'NNS']"
432,high,OTH,is,1,"['very', 'high']","['S', 'SBAR', 'S', 'VP', 'VBZ']"
433,",",OTH,is,0,NOT_HEAD,"['S', 'SBAR', 'S', 'VP', 'ADJP', 'RB']"
434,but,OTH,is,0,NOT_HEAD,"['S', 'SBAR', 'S', 'VP', 'ADJP', 'JJ']"
435,fortunately,TUN,is,0,NOT_HEAD,"['S', ',']"
436,the,OTH,pressure,0,NOT_HEAD,"['S', 'CC']"
437,pressure,OTH,is,2,"['the', 'pressure', 'on', 'healthcare']","['S', 'ADVP', 'RB']"
438,on,PREP,pressure,1,"['on', 'healthcare']","['S', 'S', 'NP', 'NP', 'DT']"
439,healthcare,OTH,on,0,NOT_HEAD,"['S', 'S', 'NP', 'NP', 'NN']"
440,is,OTH,is,4,"['fortunately', 'the', 'pressure', 'on', 'healthcare', 'is', 'not', 'too', 'bad']","['S', 'S', 'NP', 'PP', 'IN']"
441,not,INV,is,0,NOT_HEAD,"['S', 'S', 'NP', 'PP', 'NP', 'NN']"
442,too,TUN,bad,0,NOT_HEAD,"['S', 'S', 'VP', 'VBZ']"
443,bad,OTH,is,1,"['too', 'bad']","['S', 'S', 'VP', 'RB']"
444,",",OTH,said,0,NOT_HEAD,"['S', 'S', 'VP', 'ADJP', 'RB']"
445,"""",OTH,said,0,NOT_HEAD,"['S', 'S', 'VP', 'ADJP', 'JJ']"
446,said,VERB,said,6,"""['""""', 'The', 'number', 'of', 'infections', 'is', 'very', 'high', ',', 'but', 'fortunately', 'the', 'pressure', 'on', 'healthcare', 'is', 'not', 'too', 'bad', ',', '""""', 'said', 'Health', 'Minister', 'Ernst', 'Kuipers', 'on', 'Wednesday', '.']""","['S', ',']"
447,Health,MOD,Minister,0,NOT_HEAD,"['S', ""''""]"
448,Minister,MOD,Kuipers,1,"['Health', 'Minister']","['S', 'SINV', 'VP', 'VBD']"
449,Ernst,MOD,Kuipers,0,NOT_HEAD,"['S', 'SINV', 'NP', 'NML', 'NNP']"
450,Kuipers,OTH,said,2,"['Health', 'Minister', 'Ernst', 'Kuipers']","['S', 'SINV', 'NP', 'NML', 'NNP']"
451,on,PREP,said,1,"['on', 'Wednesday']","['S', 'SINV', 'NP', 'NNP']"
452,Wednesday,OTH,on,0,NOT_HEAD,"['S', 'SINV', 'NP', 'NNP']"
453,.,OTH,said,0,NOT_HEAD,"['S', 'SINV', 'PP', 'IN']"
455,Cabinet,MOD,members,0,NOT_HEAD,"['S', 'SINV', 'PP', 'NP', 'NNP']"
456,members,OTH,want,1,"['Cabinet', 'members']","['S', '.']"
457,did,OTH,want,0,NOT_HEAD,"['S', 'NP', 'NN']"
458,not,INV,want,0,NOT_HEAD,"['S', 'NP', 'NNS']"
459,want,VERB,want,5,"['Cabinet', 'members', 'did', 'not', 'want', 'to', 'publicly', 'anticipate', 'any', 'relaxations', '.']","['S', 'VP', 'VBD']"
460,to,OTH,anticipate,0,NOT_HEAD,"['S', 'VP', 'RB']"
461,publicly,TUN,anticipate,0,NOT_HEAD,"['S', 'VP', 'VP', 'VB']"
462,anticipate,VERB,want,3,"['to', 'publicly', 'anticipate', 'any', 'relaxations']","['S', 'VP', 'VP', 'S', 'VP', 'TO']"
463,any,OTH,relaxations,0,NOT_HEAD,"['S', 'VP', 'VP', 'S', 'VP', 'ADVP', 'RB']"
464,relaxations,OTH,anticipate,1,"['any', 'relaxations']","['S', 'VP', 'VP', 'S', 'VP', 'VP', 'VB']"
465,.,OTH,want,0,NOT_HEAD,"['S', 'VP', 'VP', 'S', 'VP', 'VP', 'NP', 'DT']"
467,Prime,MOD,Minister,0,NOT_HEAD,"['S', 'VP', 'VP', 'S', 'VP', 'VP', 'NP', 'NNS']"
468,Minister,MOD,Rutte,1,"['Prime', 'Minister']","['S', '.']"
469,Mark,MOD,Rutte,0,NOT_HEAD,"['S', 'NP', 'NML', 'NNP']"
470,Rutte,OTH,said,2,"['Prime', 'Minister', 'Mark', 'Rutte']","['S', 'NP', 'NML', 'NNP']"
471,said,VERB,said,4,"""['Prime', 'Minister', 'Mark', 'Rutte', 'said', 'on', 'Wednesday', 'that', 'the', 'chance', 'is', '""""', 'really', 'high', '""""', 'that', 'loosening', 'up', 'restrictions', 'will', 'be', 'possible', '.']""","['S', 'NP', 'NNP']"
472,on,PREP,said,1,"['on', 'Wednesday']","['S', 'NP', 'NNP']"
473,Wednesday,OTH,on,0,NOT_HEAD,"['S', 'VP', 'VBD']"
474,that,OTH,is,0,NOT_HEAD,"['S', 'VP', 'PP', 'IN']"
475,the,OTH,chance,0,NOT_HEAD,"['S', 'VP', 'PP', 'NP', 'NNP']"
476,chance,OTH,is,1,"['the', 'chance']","['S', 'VP', 'SBAR', 'IN']"
477,is,VERB,said,5,"""['that', 'the', 'chance', 'is', '""""', 'really', 'high', '""""', 'that', 'loosening', 'up', 'restrictions', 'will', 'be', 'possible']""","['S', 'VP', 'SBAR', 'S', 'NP', 'DT']"
478,"""",OTH,is,0,NOT_HEAD,"['S', 'VP', 'SBAR', 'S', 'NP', 'NN']"
479,really,TUN,high,0,NOT_HEAD,"['S', 'VP', 'SBAR', 'S', 'VP', 'VBZ']"
480,high,OTH,is,2,"""['really', 'high', '""""']""","['S', 'VP', 'SBAR', 'S', 'VP', 'ADVP', '``']"
481,"""",OTH,high,0,NOT_HEAD,"['S', 'VP', 'SBAR', 'S', 'VP', 'ADJP', 'ADJP', 'RB']"
482,that,OTH,be,0,NOT_HEAD,"['S', 'VP', 'SBAR', 'S', 'VP', 'ADJP', 'ADJP', 'JJ']"
483,loosening,VERB,be,2,"['loosening', 'up', 'restrictions']","['S', 'VP', 'SBAR', 'S', 'VP', 'ADJP', ""''""]"
484,up,OTH,loosening,0,NOT_HEAD,"['S', 'VP', 'SBAR', 'S', 'VP', 'ADJP', 'SBAR', 'IN']"
485,restrictions,OTH,loosening,0,NOT_HEAD,"['S', 'VP', 'SBAR', 'S', 'VP', 'ADJP', 'SBAR', 'S', 'S', 'VP', 'VBG']"
486,will,OTH,be,0,NOT_HEAD,"['S', 'VP', 'SBAR', 'S', 'VP', 'ADJP', 'SBAR', 'S', 'S', 'VP', 'PRT', 'RP']"
487,be,VERB,is,4,"['that', 'loosening', 'up', 'restrictions', 'will', 'be', 'possible']","['S', 'VP', 'SBAR', 'S', 'VP', 'ADJP', 'SBAR', 'S', 'S', 'VP', 'NP', 'NNS']"
488,possible,OTH,be,0,NOT_HEAD,"['S', 'VP', 'SBAR', 'S', 'VP', 'ADJP', 'SBAR', 'S', 'VP', 'MD']"
489,.,OTH,said,0,NOT_HEAD,"['S', 'VP', 'SBAR', 'S', 'VP', 'ADJP', 'SBAR', 'S', 'VP', 'VP', 'VB']"
491,Cabinet,MOD,ministers,0,NOT_HEAD,"['S', 'VP', 'SBAR', 'S', 'VP', 'ADJP', 'SBAR', 'S', 'VP', 'VP', 'ADJP', 'JJ']"
492,ministers,OTH,met,1,"['Cabinet', 'ministers']","['S', '.']"
493,met,VERB,met,6,"['Cabinet', 'ministers', 'met', 'for', 'an', 'extra', 'meeting', 'about', 'the', 'coronavirus', 'policy', 'on', 'Wednesday', 'morning', ',', 'and', 'the', 'OMT', 'will', 'meet', 'again', 'to', 'discuss', 'the', 'issue', 'on', 'Friday', '.']","['S', 'S', 'NP', 'NN']"
494,for,PREP,met,1,"['for', 'an', 'extra', 'meeting', 'about', 'the', 'coronavirus', 'policy']","['S', 'S', 'NP', 'NNS']"
495,an,OTH,meeting,0,NOT_HEAD,"['S', 'S', 'VP', 'VBD']"
496,extra,MOD,meeting,0,NOT_HEAD,"['S', 'S', 'VP', 'PP', 'IN']"
497,meeting,OTH,for,3,"['an', 'extra', 'meeting', 'about', 'the', 'coronavirus', 'policy']","['S', 'S', 'VP', 'PP', 'NP', 'NP', 'DT']"
498,about,PREP,meeting,1,"['about', 'the', 'coronavirus', 'policy']","['S', 'S', 'VP', 'PP', 'NP', 'NP', 'JJ']"
499,the,OTH,policy,0,NOT_HEAD,"['S', 'S', 'VP', 'PP', 'NP', 'NP', 'NN']"
500,coronavirus,MOD,policy,0,NOT_HEAD,"['S', 'S', 'VP', 'PP', 'NP', 'PP', 'IN']"
501,policy,OTH,about,2,"['the', 'coronavirus', 'policy']","['S', 'S', 'VP', 'PP', 'NP', 'PP', 'NP', 'DT']"
502,on,PREP,met,1,"['on', 'Wednesday', 'morning']","['S', 'S', 'VP', 'PP', 'NP', 'PP', 'NP', 'NN']"
503,Wednesday,MOD,morning,0,NOT_HEAD,"['S', 'S', 'VP', 'PP', 'NP', 'PP', 'NP', 'NN']"
504,morning,OTH,on,1,"['Wednesday', 'morning']","['S', 'S', 'VP', 'PP', 'NP', 'PP', 'IN']"
505,",",OTH,met,0,NOT_HEAD,"['S', 'S', 'VP', 'PP', 'NP', 'PP', 'NP', 'NNP']"
506,and,OTH,met,0,NOT_HEAD,"['S', 'S', 'VP', 'PP', 'NP', 'PP', 'NP', 'NN']"
507,the,OTH,OMT,0,NOT_HEAD,"['S', ',']"
508,OMT,OTH,meet,1,"['the', 'OMT']","['S', 'CC']"
509,will,OTH,meet,0,NOT_HEAD,"['S', 'S', 'NP', 'DT']"
510,meet,OTH,met,5,"['the', 'OMT', 'will', 'meet', 'again', 'to', 'discuss', 'the', 'issue', 'on', 'Friday', '.']","['S', 'S', 'NP', 'NNP']"
511,again,TUN,meet,0,NOT_HEAD,"['S', 'S', 'VP', 'MD']"
512,to,OTH,discuss,0,NOT_HEAD,"['S', 'S', 'VP', 'VP', 'VB']"
513,discuss,MOD,meet,3,"['to', 'discuss', 'the', 'issue', 'on', 'Friday']","['S', 'S', 'VP', 'VP', 'ADVP', 'RB']"
514,the,OTH,issue,0,NOT_HEAD,"['S', 'S', 'VP', 'VP', 'S', 'VP', 'TO']"
515,issue,OTH,discuss,1,"['the', 'issue']","['S', 'S', 'VP', 'VP', 'S', 'VP', 'VP', 'VB']"
516,on,PREP,discuss,1,"['on', 'Friday']","['S', 'S', 'VP', 'VP', 'S', 'VP', 'VP', 'NP', 'DT']"
517,Friday,OTH,on,0,NOT_HEAD,"['S', 'S', 'VP', 'VP', 'S', 'VP', 'VP', 'NP', 'NN']"
518,.,OTH,meet,0,NOT_HEAD,"['S', 'S', 'VP', 'VP', 'S', 'VP', 'VP', 'PP', 'IN']"
520,Rutte,OTH,said,0,NOT_HEAD,"['S', 'S', 'VP', 'VP', 'S', 'VP', 'VP', 'PP', 'NP', 'NNP']"
521,said,VERB,said,2,"""['Rutte', 'said', 'the', 'Cabinet', 'could', 'inform', 'the', 'Tweede', 'Kamer', 'about', 'what', 'it', """"'s"""", 'considering', 'even', 'before', 'the', 'weekend', ',', '""""', 'a', 'sort', 'of', """"'"""", 'what', 'could', 'be', """"'"""", 'package', '""""', 'of', 'measures']""","['S', '.']"
522,the,OTH,Cabinet,0,NOT_HEAD,"['S', 'S', 'NP', 'NNP']"
523,Cabinet,OTH,inform,1,"['the', 'Cabinet']","['S', 'S', 'VP', 'VBD']"
524,could,OTH,inform,0,NOT_HEAD,"['S', 'S', 'VP', 'SBAR', 'S', 'NP', 'DT']"
525,inform,VERB,said,6,"""['the', 'Cabinet', 'could', 'inform', 'the', 'Tweede', 'Kamer', 'about', 'what', 'it', """"'s"""", 'considering', 'even', 'before', 'the', 'weekend', ',', '""""', 'a', 'sort', 'of', """"'"""", 'what', 'could', 'be', """"'"""", 'package', '""""', 'of', 'measures']""","['S', 'S', 'VP', 'SBAR', 'S', 'NP', 'NNP']"
526,the,OTH,Kamer,0,NOT_HEAD,"['S', 'S', 'VP', 'SBAR', 'S', 'VP', 'MD']"
527,Tweede,MOD,Kamer,0,NOT_HEAD,"['S', 'S', 'VP', 'SBAR', 'S', 'VP', 'VP', 'VB']"
528,Kamer,OTH,inform,2,"['the', 'Tweede', 'Kamer']","['S', 'S', 'VP', 'SBAR', 'S', 'VP', 'VP', 'NP', 'DT']"
529,about,PREP,inform,1,"""['about', 'what', 'it', """"'s"""", 'considering', 'even', 'before', 'the', 'weekend']""","['S', 'S', 'VP', 'SBAR', 'S', 'VP', 'VP', 'NP', 'NNP']"
530,what,OTH,considering,0,NOT_HEAD,"['S', 'S', 'VP', 'SBAR', 'S', 'VP', 'VP', 'NP', 'NNP']"
531,it,OTH,considering,0,NOT_HEAD,"['S', 'S', 'VP', 'SBAR', 'S', 'VP', 'VP', 'PP', 'IN']"
532,'s,OTH,considering,0,NOT_HEAD,"['S', 'S', 'VP', 'SBAR', 'S', 'VP', 'VP', 'PP', 'SBAR', 'WHNP', 'WP']"
533,considering,VERB,about,3,"""['what', 'it', """"'s"""", 'considering', 'even', 'before', 'the', 'weekend']""","['S', 'S', 'VP', 'SBAR', 'S', 'VP', 'VP', 'PP', 'SBAR', 'S', 'NP', 'PRP']"
534,even,TUN,before,0,NOT_HEAD,"['S', 'S', 'VP', 'SBAR', 'S', 'VP', 'VP', 'PP', 'SBAR', 'S', 'VP', 'VBZ']"
535,before,PREP,considering,2,"['even', 'before', 'the', 'weekend']","['S', 'S', 'VP', 'SBAR', 'S', 'VP', 'VP', 'PP', 'SBAR', 'S', 'VP', 'VP', 'VBG']"
536,the,OTH,weekend,0,NOT_HEAD,"['S', 'S', 'VP', 'SBAR', 'S', 'VP', 'VP', 'PP', 'SBAR', 'S', 'VP', 'VP', 'PP', 'ADVP', 'RB']"
537,weekend,OTH,before,1,"['the', 'weekend']","['S', 'S', 'VP', 'SBAR', 'S', 'VP', 'VP', 'PP', 'SBAR', 'S', 'VP', 'VP', 'PP', 'IN']"
538,",",OTH,inform,0,NOT_HEAD,"['S', 'S', 'VP', 'SBAR', 'S', 'VP', 'VP', 'PP', 'SBAR', 'S', 'VP', 'VP', 'PP', 'NP', 'DT']"
539,"""",OTH,sort,0,NOT_HEAD,"['S', 'S', 'VP', 'SBAR', 'S', 'VP', 'VP', 'PP', 'SBAR', 'S', 'VP', 'VP', 'PP', 'NP', 'NN']"
540,a,OTH,sort,0,NOT_HEAD,"['S', 'S', 'VP', 'SBAR', 'S', 'VP', 'VP', ',']"
541,sort,OTH,inform,3,"""['""""', 'a', 'sort', 'of', """"'"""", 'what', 'could', 'be', """"'"""", 'package', '""""', 'of', 'measures']""","['S', 'S', 'VP', 'SBAR', 'S', 'VP', 'VP', 'PP', '``']"
542,of,PREP,sort,1,"""['of', """"'"""", 'what', 'could', 'be', """"'"""", 'package', '""""', 'of', 'measures']""","['S', 'S', 'VP', 'SBAR', 'S', 'VP', 'VP', 'PP', 'NP', 'NP', 'NP', 'DT']"
543,',OTH,of,0,NOT_HEAD,"['S', 'S', 'VP', 'SBAR', 'S', 'VP', 'VP', 'PP', 'NP', 'NP', 'NP', 'NN']"
544,what,OTH,be,0,NOT_HEAD,"['S', 'S', 'VP', 'SBAR', 'S', 'VP', 'VP', 'PP', 'NP', 'NP', 'PP', 'IN']"
545,could,OTH,be,0,NOT_HEAD,"['S', 'S', 'VP', 'SBAR', 'S', 'VP', 'VP', 'PP', 'NP', 'NP', 'PP', 'NP', '``']"
546,be,VERB,of,3,"""['what', 'could', 'be', """"'"""", 'package', '""""', 'of', 'measures']""","['S', 'S', 'VP', 'SBAR', 'S', 'VP', 'VP', 'PP', 'NP', 'SBAR', 'WHNP', 'WP']"
547,',OTH,package,0,NOT_HEAD,"['S', 'S', 'VP', 'SBAR', 'S', 'VP', 'VP', 'PP', 'NP', 'SBAR', 'S', 'VP', 'MD']"
548,package,OTH,be,2,"""[""""'"""", 'package', '""""', 'of', 'measures']""","['S', 'S', 'VP', 'SBAR', 'S', 'VP', 'VP', 'PP', 'NP', 'SBAR', 'S', 'VP', 'VP', 'VB']"
549,"""",OTH,package,0,NOT_HEAD,"['S', 'S', 'VP', 'SBAR', 'S', 'VP', 'VP', 'PP', 'NP', 'SBAR', 'S', 'VP', 'VP', '``']"
550,of,PREP,package,1,"['of', 'measures']","['S', 'S', 'VP', 'SBAR', 'S', 'VP', 'VP', 'PP', 'NP', 'SBAR', 'S', 'VP', 'VP', 'NP', 'NP', 'NN']"
551,measures,OTH,of,0,NOT_HEAD,"['S', 'S', 'VP', 'SBAR', 'S', 'VP', 'VP', 'PP', 'NP', 'SBAR', 'S', 'VP', 'VP', 'NP', 'PP', ""''""]"
552,",",OTH,said,0,NOT_HEAD,"['S', 'S', 'VP', 'SBAR', 'S', 'VP', 'VP', 'PP', 'NP', 'SBAR', 'S', 'VP', 'VP', 'NP', 'PP', 'PP', 'IN']"
553,he,OTH,said,0,NOT_HEAD,"['S', 'S', 'VP', 'SBAR', 'S', 'VP', 'VP', 'PP', 'NP', 'SBAR', 'S', 'VP', 'VP', 'NP', 'PP', 'PP', 'NP', 'NNS']"
554,said,VERB,said,4,"""['Rutte', 'said', 'the', 'Cabinet', 'could', 'inform', 'the', 'Tweede', 'Kamer', 'about', 'what', 'it', """"'s"""", 'considering', 'even', 'before', 'the', 'weekend', ',', '""""', 'a', 'sort', 'of', """"'"""", 'what', 'could', 'be', """"'"""", 'package', '""""', 'of', 'measures', ',', 'he', 'said', '.']""","['S', ',']"
555,.,OTH,said,0,NOT_HEAD,"['S', 'NP', 'PRP']"
557,In,PREP,have,1,"['In', 'addition']","['S', 'VP', 'VBD']"
558,addition,OTH,In,0,NOT_HEAD,"['S', '.']"
559,",",OTH,have,0,NOT_HEAD,"['S', 'PP', 'IN']"
560,the,OTH,Cabinet,0,NOT_HEAD,"['S', 'PP', 'NP', 'NN']"
561,Cabinet,OTH,have,1,"['the', 'Cabinet']","['S', ',']"
562,will,OTH,have,0,NOT_HEAD,"['S', 'NP', 'DT']"
563,have,VERB,have,8,"['In', 'addition', ',', 'the', 'Cabinet', 'will', 'have', 'to', 'make', 'it', 'clear', 'that', 'all', 'these', 'relaxations', 'may', 'not', 'be', 'implemented', ',', 'particularly', 'if', 'the', 'OMT', 'sees', 'a', 'problem', 'with', 'the', 'proposal', '.']","['S', 'NP', 'NNP']"
564,to,OTH,make,0,NOT_HEAD,"['S', 'VP', 'MD']"
565,make,VERB,have,2,"['to', 'make', 'it', 'clear', 'that', 'all', 'these', 'relaxations', 'may', 'not', 'be', 'implemented']","['S', 'VP', 'VP', 'VB']"
566,it,OTH,clear,0,NOT_HEAD,"['S', 'VP', 'VP', 'S', 'VP', 'TO']"
567,clear,VERB,make,2,"['it', 'clear', 'that', 'all', 'these', 'relaxations', 'may', 'not', 'be', 'implemented']","['S', 'VP', 'VP', 'S', 'VP', 'VP', 'VB']"
568,that,OTH,implemented,0,NOT_HEAD,"['S', 'VP', 'VP', 'S', 'VP', 'VP', 'S', 'NP', 'NP', 'PRP']"
569,all,OTH,relaxations,0,NOT_HEAD,"['S', 'VP', 'VP', 'S', 'VP', 'VP', 'S', 'ADJP', 'JJ']"
570,these,OTH,relaxations,0,NOT_HEAD,"['S', 'VP', 'VP', 'S', 'VP', 'VP', 'S', 'SBAR', 'IN']"
571,relaxations,OTH,implemented,2,"['all', 'these', 'relaxations']","['S', 'VP', 'VP', 'S', 'VP', 'VP', 'S', 'SBAR', 'S', 'NP', 'PDT']"
572,may,OTH,implemented,0,NOT_HEAD,"['S', 'VP', 'VP', 'S', 'VP', 'VP', 'S', 'SBAR', 'S', 'NP', 'DT']"
573,not,INV,implemented,0,NOT_HEAD,"['S', 'VP', 'VP', 'S', 'VP', 'VP', 'S', 'SBAR', 'S', 'NP', 'NNS']"
574,be,OTH,implemented,0,NOT_HEAD,"['S', 'VP', 'VP', 'S', 'VP', 'VP', 'S', 'SBAR', 'S', 'VP', 'MD']"
575,implemented,MOD,clear,5,"['that', 'all', 'these', 'relaxations', 'may', 'not', 'be', 'implemented']","['S', 'VP', 'VP', 'S', 'VP', 'VP', 'S', 'SBAR', 'S', 'VP', 'RB']"
576,",",OTH,have,0,NOT_HEAD,"['S', 'VP', 'VP', 'S', 'VP', 'VP', 'S', 'SBAR', 'S', 'VP', 'VP', 'VB']"
577,particularly,TUN,sees,0,NOT_HEAD,"['S', 'VP', 'VP', 'S', 'VP', 'VP', 'S', 'SBAR', 'S', 'VP', 'VP', 'VP', 'VBN']"
578,if,OTH,sees,0,NOT_HEAD,"['S', 'VP', 'VP', ',']"
579,the,OTH,OMT,0,NOT_HEAD,"['S', 'VP', 'VP', 'SBAR', 'ADVP', 'RB']"
580,OMT,OTH,sees,1,"['the', 'OMT']","['S', 'VP', 'VP', 'SBAR', 'IN']"
581,sees,MOD,have,4,"['particularly', 'if', 'the', 'OMT', 'sees', 'a', 'problem', 'with', 'the', 'proposal']","['S', 'VP', 'VP', 'SBAR', 'S', 'NP', 'DT']"
582,a,OTH,problem,0,NOT_HEAD,"['S', 'VP', 'VP', 'SBAR', 'S', 'NP', 'NNP']"
583,problem,OTH,sees,2,"['a', 'problem', 'with', 'the', 'proposal']","['S', 'VP', 'VP', 'SBAR', 'S', 'VP', 'VBZ']"
584,with,PREP,problem,1,"['with', 'the', 'proposal']","['S', 'VP', 'VP', 'SBAR', 'S', 'VP', 'NP', 'DT']"
585,the,OTH,proposal,0,NOT_HEAD,"['S', 'VP', 'VP', 'SBAR', 'S', 'VP', 'NP', 'NN']"
586,proposal,OTH,with,1,"['the', 'proposal']","['S', 'VP', 'VP', 'SBAR', 'S', 'VP', 'PP', 'IN']"
587,.,OTH,have,0,NOT_HEAD,"['S', 'VP', 'VP', 'SBAR', 'S', 'VP', 'PP', 'NP', 'DT']"
589,Anything,OTH,taken,0,NOT_HEAD,"['S', 'VP', 'VP', 'SBAR', 'S', 'VP', 'PP', 'NP', 'NN']"
590,taken,VERB,made,4,"['Anything', 'taken', 'off', 'the', 'table', 'in', 'the', 'interim']","['S', '.']"
591,off,OTH,taken,0,NOT_HEAD,"['S', 'NP', 'NP', 'NN']"
592,the,OTH,table,0,NOT_HEAD,"['S', 'NP', 'VP', 'VBN']"
593,table,OTH,taken,1,"['the', 'table']","['S', 'NP', 'VP', 'PRT', 'IN']"
594,in,PREP,taken,1,"['in', 'the', 'interim']","['S', 'NP', 'VP', 'NP', 'DT']"
595,the,OTH,interim,0,NOT_HEAD,"['S', 'NP', 'VP', 'NP', 'NN']"
596,interim,OTH,in,1,"['the', 'interim']","['S', 'NP', 'VP', 'PP', 'IN']"
597,will,OTH,made,0,NOT_HEAD,"['S', 'NP', 'VP', 'PP', 'NP', 'DT']"
598,be,OTH,made,0,NOT_HEAD,"['S', 'NP', 'VP', 'PP', 'NP', 'NN']"
599,made,VERB,made,6,"['Anything', 'taken', 'off', 'the', 'table', 'in', 'the', 'interim', 'will', 'be', 'made', 'clear', 'on', 'Tuesday', '.']","['S', 'VP', 'MD']"
600,clear,OTH,made,0,NOT_HEAD,"['S', 'VP', 'VP', 'VB']"
601,on,PREP,made,1,"['on', 'Tuesday']","['S', 'VP', 'VP', 'VP', 'VBN']"
602,Tuesday,OTH,on,0,NOT_HEAD,"['S', 'VP', 'VP', 'VP', 'S', 'ADJP', 'JJ']"
603,.,OTH,made,0,NOT_HEAD,"['S', 'VP', 'VP', 'VP', 'PP', 'IN']"
605,Far,TUN,reaching,0,NOT_HEAD,"['S', 'VP', 'VP', 'VP', 'PP', 'NP', 'NNP']"
606,-,OTH,reaching,0,NOT_HEAD,"['S', '.']"
607,reaching,MOD,elimination,2,"['Far', '-', 'reaching']","['S', 'NP', 'NP', 'JJ']"
608,elimination,OTH,announced,2,"['Far', '-', 'reaching', 'elimination', 'of', 'restrictions']","['S', 'NP', 'NP', 'NN']"
609,of,PREP,elimination,1,"['of', 'restrictions']","['S', 'NP', 'PP', 'IN']"
610,restrictions,OTH,of,0,NOT_HEAD,"['S', 'NP', 'PP', 'NP', 'NNS']"
611,will,OTH,announced,0,NOT_HEAD,"['S', 'VP', 'MD']"
612,also,TUN,announced,0,NOT_HEAD,"['S', 'VP', 'ADVP', 'RB']"
613,be,OTH,announced,0,NOT_HEAD,"['S', 'VP', 'VP', 'VB']"
614,announced,VERB,announced,6,"['Far', '-', 'reaching', 'elimination', 'of', 'restrictions', 'will', 'also', 'be', 'announced', 'in', 'other', 'European', 'countries', 'in', 'the', 'coming', 'days', '.']","['S', 'VP', 'VP', 'VP', 'VBN']"
615,in,PREP,announced,1,"['in', 'other', 'European', 'countries', 'in', 'the', 'coming', 'days']","['S', 'VP', 'VP', 'VP', 'PP', 'IN']"
616,other,MOD,countries,0,NOT_HEAD,"['S', 'VP', 'VP', 'VP', 'PP', 'NP', 'JJ']"
617,European,MOD,countries,0,NOT_HEAD,"['S', 'VP', 'VP', 'VP', 'PP', 'NP', 'JJ']"
618,countries,OTH,in,3,"['other', 'European', 'countries', 'in', 'the', 'coming', 'days']","['S', 'VP', 'VP', 'VP', 'PP', 'NP', 'NNS']"
619,in,PREP,countries,1,"['in', 'the', 'coming', 'days']","['S', 'VP', 'VP', 'VP', 'PP', 'IN']"
620,the,OTH,days,0,NOT_HEAD,"['S', 'VP', 'VP', 'VP', 'PP', 'NP', 'DT']"
621,coming,MOD,days,0,NOT_HEAD,"['S', 'VP', 'VP', 'VP', 'PP', 'NP', 'VBG']"
622,days,OTH,in,2,"['the', 'coming', 'days']","['S', 'VP', 'VP', 'VP', 'PP', 'NP', 'NNS']"
623,.,OTH,announced,0,NOT_HEAD,"['S', '.']"
625,For,PREP,expects,1,"['For', 'example']","['S', 'PP', 'IN']"
626,example,OTH,For,0,NOT_HEAD,"['S', 'PP', 'NP', 'NN']"
627,",",OTH,expects,0,NOT_HEAD,"['S', ',']"
628,the,OTH,minister,0,NOT_HEAD,"['S', 'NP', 'NP', 'DT']"
629,Belgian,MOD,minister,0,NOT_HEAD,"['S', 'NP', 'NP', 'JJ']"
630,minister,OTH,expects,6,"['the', 'Belgian', 'minister', 'handling', 'coronavirus', 'issues', ',', 'Frank', 'Vandenbroucke', ',']","['S', 'NP', 'NP', 'NN']"
631,handling,MOD,minister,1,"['handling', 'coronavirus', 'issues']","['S', 'NP', 'VP', 'VBG']"
632,coronavirus,MOD,issues,0,NOT_HEAD,"['S', 'NP', 'VP', 'NP', 'NP', 'NN']"
633,issues,OTH,handling,1,"['coronavirus', 'issues']","['S', 'NP', 'VP', 'NP', 'NP', 'NNS']"
634,",",OTH,minister,0,NOT_HEAD,"['S', 'NP', 'VP', 'NP', ',']"
635,Frank,MOD,Vandenbroucke,0,NOT_HEAD,"['S', 'NP', 'VP', 'NP', 'NP', 'NNP']"
636,Vandenbroucke,MOD,minister,1,"['Frank', 'Vandenbroucke']","['S', 'NP', 'VP', 'NP', 'NP', 'NNP']"
637,",",OTH,minister,0,NOT_HEAD,"['S', 'NP', 'VP', 'NP', ',']"
638,expects,VERB,expects,5,"['For', 'example', ',', 'the', 'Belgian', 'minister', 'handling', 'coronavirus', 'issues', ',', 'Frank', 'Vandenbroucke', ',', 'expects', 'that', 'almost', 'all', 'coronavirus', 'measures', 'will', 'be', 'withdrawn', 'in', 'Belgium', 'next', 'Friday', '.']","['S', 'VP', 'VBZ']"
639,that,OTH,withdrawn,0,NOT_HEAD,"['S', 'VP', 'SBAR', 'IN']"
640,almost,TUN,all,0,NOT_HEAD,"['S', 'VP', 'SBAR', 'S', 'NP', 'QP', 'RB']"
641,all,MOD,measures,1,"['almost', 'all']","['S', 'VP', 'SBAR', 'S', 'NP', 'QP', 'DT']"
642,coronavirus,MOD,measures,0,NOT_HEAD,"['S', 'VP', 'SBAR', 'S', 'NP', 'NN']"
643,measures,OTH,withdrawn,2,"['almost', 'all', 'coronavirus', 'measures']","['S', 'VP', 'SBAR', 'S', 'NP', 'NNS']"
644,will,OTH,withdrawn,0,NOT_HEAD,"['S', 'VP', 'SBAR', 'S', 'VP', 'MD']"
645,be,OTH,withdrawn,0,NOT_HEAD,"['S', 'VP', 'SBAR', 'S', 'VP', 'VP', 'VB']"
646,withdrawn,VERB,expects,6,"['that', 'almost', 'all', 'coronavirus', 'measures', 'will', 'be', 'withdrawn', 'in', 'Belgium', 'next', 'Friday']","['S', 'VP', 'SBAR', 'S', 'VP', 'VP', 'VP', 'VBN']"
647,in,PREP,withdrawn,1,"['in', 'Belgium']","['S', 'VP', 'SBAR', 'S', 'VP', 'VP', 'VP', 'PP', 'IN']"
648,Belgium,OTH,in,0,NOT_HEAD,"['S', 'VP', 'SBAR', 'S', 'VP', 'VP', 'VP', 'PP', 'NP', 'NNP']"
649,next,MOD,Friday,0,NOT_HEAD,"['S', 'VP', 'SBAR', 'S', 'VP', 'VP', 'VP', 'NP', 'JJ']"
650,Friday,OTH,withdrawn,1,"['next', 'Friday']","['S', 'VP', 'SBAR', 'S', 'VP', 'VP', 'VP', 'NP', 'NNP']"
651,.,OTH,expects,0,NOT_HEAD,"['S', '.']"
